{"stats":{"minecraft:crafted":{"minecraft:smooth_stone":1,"minecraft:oak_planks":292,"minecraft:iron_nugget":108,"minecraft:bookshelf":23,"minecraft:hopper":3,"minecraft:glass":4,"minecraft:lantern":13,"minecraft:diamond_helmet":1,"minecraft:chest":16,"minecraft:diamond_boots":1,"minecraft:wooden_shovel":2,"minecraft:emerald":20,"minecraft:crafting_table":2,"minecraft:wooden_pickaxe":2,"minecraft:enchanted_book":7,"minecraft:air":0,"minecraft:jungle_planks":20,"minecraft:diamond_pickaxe":1,"minecraft:stick":16,"minecraft:iron_ingot":35,"minecraft:iron_block":3,"minecraft:iron_shovel":2,"minecraft:anvil":1},"minecraft:dropped":{"minecraft:water_bucket":1,"minecraft:bread":5,"minecraft:wheat_seeds":107,"minecraft:cobblestone":143,"minecraft:book":1,"minecraft:copper_ingot":13,"minecraft:flint":104,"minecraft:emerald":3,"create:brass_sheet":1,"minecraft:iron_shovel":1,"minecraft:gravel":1314,"minecraft:iron_nugget":269,"create:shaft":6,"minecraft:rotten_flesh":1,"minecraft:oak_planks":16,"create:rotation_speed_controller":1,"minecraft:salmon":55,"create:zinc_ingot":19,"create:wrench":1,"create:brass_ingot":1},"minecraft:killed_by":{"minecraft:player":2,"minecraft:creeper":2,"minecraft:skeleton":1,"minecraft:zombie":1},"minecraft:custom":{"minecraft:mob_kills":4,"minecraft:interact_with_anvil":13,"minecraft:interact_with_crafting_table":35,"minecraft:open_barrel":24,"minecraft:leave_game":2,"minecraft:time_since_death":6035,"minecraft:climb_one_cm":820,"minecraft:sprint_one_cm":212979,"minecraft:walk_one_cm":377635,"minecraft:drop":711,"minecraft:damage_dealt_absorbed":80,"minecraft:talked_to_villager":59,"minecraft:play_time":240274,"minecraft:deaths":6,"minecraft:sneak_time":20078,"minecraft:walk_under_water_one_cm":7535,"minecraft:jump":1839,"minecraft:interact_with_blast_furnace":2,"minecraft:walk_on_water_one_cm":17309,"minecraft:total_world_time":240274,"minecraft:interact_with_furnace":23,"minecraft:traded_with_villager":64,"minecraft:interact_with_stonecutter":2,"minecraft:time_since_rest":6133,"minecraft:damage_taken":3191,"minecraft:damage_dealt":2181,"minecraft:swim_one_cm":3583,"minecraft:fly_one_cm":379943,"minecraft:open_chest":128,"minecraft:crouch_one_cm":41839,"minecraft:fall_one_cm":28438},"minecraft:killed":{"minecraft:cat":1,"minecraft:zombie":3,"minecraft:player":1},"minecraft:used":{"create:framed_glass":1,"minecraft:iron_shovel":17,"minecraft:flint_and_steel":1,"minecraft:chest":13,"minecraft:iron_sword":20,"minecraft:wooden_shovel":14,"minecraft:dirt":125,"minecraft:anvil":1,"minecraft:hopper":4,"minecraft:diamond_helmet":3,"minecraft:granite":18,"minecraft:chipped_anvil":1,"minecraft:bookshelf":23,"minecraft:grass_block":13,"minecraft:lantern":1,"minecraft:iron_axe":13,"minecraft:diamond_chestplate":2,"create:shaft":8,"minecraft:cobbled_deepslate":14,"minecraft:water_bucket":1,"minecraft:diorite":8,"minecraft:diamond_boots":3,"minecraft:oak_planks":5,"create:brass_tunnel":1,"minecraft:wooden_pickaxe":70,"minecraft:diamond_axe":74,"minecraft:salmon":4,"minecraft:tnt":23,"minecraft:crafting_table":2,"betternether:nether_ruby_leggings":1,"create:filter":8,"betternether:pig_statue_respawner":1,"minecraft:oak_log":3,"minecraft:diamond_pickaxe":1,"minecraft:bread":24,"minecraft:iron_pickaxe":334,"minecraft:gravel":5,"minecraft:cobblestone":88,"minecraft:andesite":5,"minecraft:bucket":1,"minecraft:diamond_leggings":1,"minecraft:smooth_stone":2,"minecraft:experience_bottle":64},"minecraft:picked_up":{"minecraft:iron_chestplate":2,"minecraft:wheat":80,"minecraft:diamond_sword":1,"betternether:pig_statue_respawner":1,"create:rotation_speed_controller":1,"mobs_of_mythology:kobold_spear":4,"create:wrench":1,"minecraft:shield":1,"minecraft:raw_copper":40,"minecraft:iron_axe":2,"minecraft:flint_and_steel":1,"minecraft:iron_leggings":2,"minecraft:iron_shovel":3,"betternether:nether_ruby_leggings":4,"minecraft:experience_bottle":64,"create:redstone_link":4,"minecraft:oak_sign":1,"minecraft:diamond_leggings":2,"minecraft:cobbled_deepslate":84,"minecraft:smooth_stone":6,"minecraft:iron_nugget":81,"minecraft:wooden_shovel":2,"minecraft:iron_pickaxe":3,"minecraft:chest":14,"minecraft:iron_boots":2,"minecraft:raw_iron":35,"minecraft:diorite":8,"create:framed_glass":1,"minecraft:redstone":76,"create:zinc_ingot":6,"minecraft:tnt":64,"minecraft:diamond_chestplate":5,"minecraft:rotten_flesh":5,"minecraft:arrow":3,"minecraft:diamond_boots":4,"minecraft:totem_of_undying":1,"minecraft:cobblestone":234,"minecraft:stripped_oak_log":6,"minecraft:andesite":15,"minecraft:water_bucket":7,"minecraft:salmon":119,"minecraft:jungle_log":5,"minecraft:flint":48,"minecraft:tuff":22,"create:raw_zinc":1,"minecraft:oak_log":18,"minecraft:dirt":90,"minecraft:lantern":1,"minecraft:bone":2,"minecraft:chipped_anvil":1,"minecraft:wheat_seeds":107,"minecraft:iron_ingot":113,"create:shaft":14,"minecraft:diamond_helmet":4,"minecraft:iron_sword":1,"minecraft:oak_planks":67,"minecraft:book":69,"minecraft:lava_bucket":1,"minecraft:gravel":860,"create:brass_tunnel":1,"create:brass_ingot":2,"minecraft:diamond":2,"create:filter":5,"minecraft:iron_helmet":2,"minecraft:granite":38,"minecraft:diamond_axe":3,"minecraft:emerald":412,"minecraft:bread":173,"minecraft:coal":12,"minecraft:hopper":1,"minecraft:diamond_pickaxe":2},"minecraft:broken":{"minecraft:wooden_pickaxe":1,"minecraft:iron_pickaxe":1},"minecraft:mined":{"create:zinc_ore":1,"minecraft:tuff":22,"minecraft:deepslate_diamond_ore":2,"minecraft:granite":38,"minecraft:grass_block":21,"minecraft:jungle_log":6,"minecraft:hopper":1,"create:shaft":7,"minecraft:iron_ore":18,"minecraft:cobbled_deepslate":1,"minecraft:fire":14,"minecraft:andesite":15,"betternether:pig_statue_respawner":1,"minecraft:bookshelf":23,"minecraft:oak_sign":1,"minecraft:deepslate_iron_ore":17,"minecraft:vine":7,"minecraft:lantern":1,"minecraft:stripped_oak_log":3,"minecraft:stone":141,"minecraft:deepslate_redstone_ore":17,"create:framed_glass":2,"minecraft:chest":7,"minecraft:cobblestone":4,"minecraft:tall_grass":2,"minecraft:copper_ore":10,"minecraft:oak_planks":5,"minecraft:diorite":8,"minecraft:wheat":49,"minecraft:grass":15,"minecraft:oak_log":6,"minecraft:coal_ore":12,"minecraft:gravel":6,"minecraft:dirt":43,"minecraft:chipped_anvil":1,"minecraft:oak_leaves":1,"minecraft:deepslate":83}},"DataVersion":3465}