{"stats":{"minecraft:crafted":{"minecraft:oak_planks":36,"minecraft:wooden_shovel":2,"minecraft:iron_nugget":99,"minecraft:crafting_table":2,"minecraft:wooden_pickaxe":2,"minecraft:air":0,"minecraft:jungle_planks":20,"minecraft:diamond_helmet":1,"minecraft:diamond_pickaxe":1,"minecraft:stick":16,"minecraft:iron_ingot":35,"minecraft:iron_shovel":2,"minecraft:iron_block":3,"minecraft:anvil":1,"minecraft:diamond_boots":1},"minecraft:used":{"minecraft:water_bucket":1,"minecraft:iron_shovel":7,"minecraft:diorite":8,"minecraft:diamond_boots":3,"minecraft:wooden_pickaxe":70,"minecraft:iron_sword":20,"minecraft:diamond_axe":18,"minecraft:wooden_shovel":14,"minecraft:dirt":45,"minecraft:anvil":1,"minecraft:crafting_table":2,"minecraft:diamond_helmet":2,"betternether:nether_ruby_leggings":1,"betternether:pig_statue_respawner":1,"minecraft:oak_log":3,"minecraft:diamond_pickaxe":1,"minecraft:lantern":1,"minecraft:iron_axe":13,"minecraft:bread":9,"minecraft:iron_pickaxe":324,"minecraft:diamond_chestplate":1,"minecraft:cobblestone":74,"create:shaft":8,"minecraft:bucket":1},"minecraft:mined":{"create:zinc_ore":1,"minecraft:deepslate_redstone_ore":17,"minecraft:tuff":22,"minecraft:deepslate_diamond_ore":2,"minecraft:granite":38,"minecraft:grass_block":12,"minecraft:jungle_log":6,"minecraft:copper_ore":10,"minecraft:tall_grass":1,"minecraft:cobblestone":3,"minecraft:diorite":8,"create:shaft":6,"minecraft:iron_ore":18,"minecraft:wheat":49,"minecraft:andesite":14,"betternether:pig_statue_respawner":1,"minecraft:grass":9,"minecraft:oak_log":6,"minecraft:coal_ore":12,"minecraft:deepslate_iron_ore":17,"minecraft:lantern":1,"minecraft:gravel":3,"minecraft:dirt":21,"minecraft:stripped_oak_log":3,"minecraft:stone":138,"minecraft:oak_leaves":1,"minecraft:deepslate":83},"minecraft:picked_up":{"minecraft:stripped_oak_log":6,"minecraft:iron_chestplate":2,"minecraft:wheat":40,"minecraft:jungle_log":5,"minecraft:water_bucket":3,"minecraft:andesite":14,"betternether:pig_statue_respawner":1,"create:rotation_speed_controller":1,"create:wrench":1,"minecraft:flint":1,"minecraft:tuff":22,"create:raw_zinc":1,"minecraft:oak_log":18,"minecraft:dirt":65,"minecraft:lantern":1,"minecraft:raw_copper":40,"minecraft:iron_axe":2,"minecraft:iron_leggings":2,"betternether:nether_ruby_leggings":3,"minecraft:bone":2,"minecraft:wheat_seeds":106,"minecraft:diamond_leggings":1,"minecraft:cobbled_deepslate":83,"create:shaft":12,"minecraft:wooden_shovel":2,"minecraft:iron_pickaxe":2,"minecraft:diamond_helmet":2,"minecraft:iron_sword":1,"minecraft:iron_boots":2,"minecraft:raw_iron":35,"minecraft:gravel":2,"minecraft:diorite":8,"minecraft:redstone":76,"create:zinc_ingot":6,"minecraft:rotten_flesh":3,"minecraft:arrow":3,"minecraft:diamond_chestplate":3,"create:brass_ingot":2,"minecraft:diamond":2,"minecraft:diamond_boots":2,"minecraft:iron_helmet":2,"minecraft:diamond_axe":1,"minecraft:granite":38,"minecraft:bread":129,"minecraft:coal":12,"minecraft:cobblestone":141,"minecraft:diamond_pickaxe":1},"minecraft:dropped":{"minecraft:bread":5,"minecraft:wheat_seeds":106,"minecraft:iron_nugget":99,"create:shaft":6,"minecraft:copper_ingot":13,"create:rotation_speed_controller":1,"create:brass_sheet":1,"create:zinc_ingot":19,"create:wrench":1,"create:brass_ingot":1},"minecraft:custom":{"minecraft:interact_with_furnace":17,"minecraft:mob_kills":1,"minecraft:interact_with_anvil":2,"minecraft:interact_with_crafting_table":25,"minecraft:interact_with_stonecutter":2,"minecraft:leave_game":2,"minecraft:time_since_death":24743,"minecraft:climb_one_cm":653,"minecraft:time_since_rest":25210,"minecraft:sprint_one_cm":94625,"minecraft:damage_taken":1924,"minecraft:walk_one_cm":133995,"minecraft:drop":150,"minecraft:damage_dealt":1143,"minecraft:damage_dealt_absorbed":80,"minecraft:swim_one_cm":3583,"minecraft:fly_one_cm":163625,"minecraft:open_chest":64,"minecraft:crouch_one_cm":20177,"minecraft:play_time":102362,"minecraft:deaths":4,"minecraft:sneak_time":10507,"minecraft:walk_under_water_one_cm":5820,"minecraft:jump":832,"minecraft:interact_with_blast_furnace":2,"minecraft:walk_on_water_one_cm":7263,"minecraft:total_world_time":102362,"minecraft:fall_one_cm":16111},"minecraft:broken":{"minecraft:iron_pickaxe":1,"minecraft:wooden_pickaxe":1},"minecraft:killed_by":{"minecraft:player":1,"minecraft:skeleton":1,"minecraft:creeper":2},"minecraft:killed":{"minecraft:zombie":1}},"DataVersion":3465}