{"stats":{"minecraft:crafted":{"minecraft:oak_planks":24,"minecraft:wooden_shovel":2,"minecraft:crafting_table":2,"minecraft:wooden_pickaxe":2,"minecraft:air":0,"minecraft:jungle_planks":20,"minecraft:diamond_helmet":1,"minecraft:diamond_pickaxe":1,"minecraft:stick":12,"minecraft:iron_ingot":35,"minecraft:diamond_boots":1},"minecraft:used":{"minecraft:water_bucket":1,"minecraft:diorite":8,"minecraft:diamond_boots":2,"minecraft:wooden_pickaxe":70,"minecraft:iron_sword":20,"minecraft:wooden_shovel":14,"minecraft:dirt":25,"minecraft:crafting_table":2,"minecraft:diamond_helmet":1,"betternether:nether_ruby_leggings":1,"betternether:pig_statue_respawner":1,"minecraft:diamond_pickaxe":1,"minecraft:lantern":1,"minecraft:iron_axe":13,"minecraft:bread":2,"minecraft:iron_pickaxe":251,"minecraft:diamond_chestplate":1,"minecraft:cobblestone":51,"minecraft:bucket":1},"minecraft:mined":{"minecraft:deepslate_redstone_ore":17,"minecraft:tuff":22,"minecraft:deepslate_diamond_ore":2,"minecraft:granite":18,"minecraft:grass_block":9,"minecraft:jungle_log":6,"minecraft:tall_grass":1,"minecraft:cobblestone":1,"minecraft:diorite":8,"minecraft:iron_ore":18,"minecraft:andesite":10,"betternether:pig_statue_respawner":1,"minecraft:grass":9,"minecraft:oak_log":6,"minecraft:coal_ore":12,"minecraft:deepslate_iron_ore":17,"minecraft:lantern":1,"minecraft:dirt":18,"minecraft:stone":108,"minecraft:oak_leaves":1,"minecraft:deepslate":83},"minecraft:picked_up":{"minecraft:iron_chestplate":2,"minecraft:jungle_log":5,"minecraft:water_bucket":2,"minecraft:andesite":10,"betternether:pig_statue_respawner":1,"minecraft:tuff":22,"minecraft:oak_log":6,"minecraft:dirt":43,"minecraft:lantern":1,"minecraft:iron_axe":2,"minecraft:iron_leggings":2,"betternether:nether_ruby_leggings":2,"minecraft:bone":2,"minecraft:diamond_leggings":1,"minecraft:cobbled_deepslate":83,"minecraft:wooden_shovel":1,"minecraft:iron_pickaxe":1,"minecraft:diamond_helmet":1,"minecraft:iron_sword":1,"minecraft:iron_boots":2,"minecraft:raw_iron":35,"minecraft:diorite":8,"minecraft:redstone":76,"minecraft:arrow":1,"minecraft:diamond_chestplate":2,"minecraft:diamond":2,"minecraft:diamond_boots":1,"minecraft:iron_helmet":2,"minecraft:granite":18,"minecraft:bread":127,"minecraft:coal":12,"minecraft:cobblestone":109,"minecraft:diamond_pickaxe":1},"minecraft:dropped":{"minecraft:copper_ingot":13,"create:zinc_ingot":19},"minecraft:custom":{"minecraft:interact_with_furnace":15,"minecraft:interact_with_anvil":2,"minecraft:interact_with_crafting_table":9,"minecraft:interact_with_stonecutter":1,"minecraft:leave_game":2,"minecraft:time_since_death":7077,"minecraft:climb_one_cm":653,"minecraft:time_since_rest":7168,"minecraft:sprint_one_cm":52675,"minecraft:damage_taken":1365,"minecraft:walk_one_cm":73330,"minecraft:drop":32,"minecraft:damage_dealt":273,"minecraft:damage_dealt_absorbed":80,"minecraft:swim_one_cm":3583,"minecraft:fly_one_cm":85578,"minecraft:open_chest":33,"minecraft:crouch_one_cm":14323,"minecraft:play_time":60362,"minecraft:deaths":3,"minecraft:sneak_time":8263,"minecraft:walk_under_water_one_cm":5641,"minecraft:jump":451,"minecraft:interact_with_blast_furnace":2,"minecraft:walk_on_water_one_cm":6486,"minecraft:total_world_time":60362,"minecraft:fall_one_cm":8559},"minecraft:broken":{"minecraft:iron_pickaxe":1,"minecraft:wooden_pickaxe":1},"minecraft:killed_by":{"minecraft:player":1,"minecraft:skeleton":1,"minecraft:creeper":1}},"DataVersion":3465}