{"stats":{"minecraft:crafted":{"minecraft:oak_planks":36,"minecraft:wooden_shovel":2,"minecraft:crafting_table":2,"minecraft:wooden_pickaxe":2,"minecraft:air":0,"minecraft:jungle_planks":20,"minecraft:diamond_helmet":1,"minecraft:diamond_pickaxe":1,"minecraft:stick":16,"minecraft:iron_ingot":35,"minecraft:iron_shovel":2,"minecraft:iron_block":3,"minecraft:anvil":1,"minecraft:diamond_boots":1},"minecraft:used":{"minecraft:water_bucket":1,"minecraft:iron_shovel":4,"minecraft:diorite":8,"minecraft:diamond_boots":3,"minecraft:wooden_pickaxe":70,"minecraft:iron_sword":20,"minecraft:diamond_axe":18,"minecraft:wooden_shovel":14,"minecraft:dirt":25,"minecraft:anvil":1,"minecraft:crafting_table":2,"minecraft:diamond_helmet":2,"betternether:nether_ruby_leggings":1,"betternether:pig_statue_respawner":1,"minecraft:oak_log":3,"minecraft:diamond_pickaxe":1,"minecraft:lantern":1,"minecraft:iron_axe":13,"minecraft:bread":6,"minecraft:iron_pickaxe":276,"minecraft:diamond_chestplate":1,"minecraft:cobblestone":51,"create:shaft":8,"minecraft:bucket":1},"minecraft:mined":{"create:zinc_ore":1,"minecraft:deepslate_redstone_ore":17,"minecraft:tuff":22,"minecraft:deepslate_diamond_ore":2,"minecraft:granite":29,"minecraft:grass_block":10,"minecraft:jungle_log":6,"minecraft:tall_grass":1,"minecraft:cobblestone":1,"minecraft:diorite":8,"create:shaft":6,"minecraft:iron_ore":18,"minecraft:wheat":49,"minecraft:andesite":14,"betternether:pig_statue_respawner":1,"minecraft:grass":9,"minecraft:oak_log":6,"minecraft:coal_ore":12,"minecraft:deepslate_iron_ore":17,"minecraft:lantern":1,"minecraft:dirt":21,"minecraft:stripped_oak_log":3,"minecraft:stone":111,"minecraft:oak_leaves":1,"minecraft:deepslate":83},"minecraft:picked_up":{"minecraft:stripped_oak_log":6,"minecraft:iron_chestplate":2,"minecraft:wheat":40,"minecraft:jungle_log":5,"minecraft:water_bucket":3,"minecraft:andesite":14,"betternether:pig_statue_respawner":1,"minecraft:tuff":22,"create:raw_zinc":1,"minecraft:oak_log":18,"minecraft:dirt":63,"minecraft:lantern":1,"minecraft:iron_axe":2,"minecraft:iron_leggings":2,"betternether:nether_ruby_leggings":3,"minecraft:bone":2,"minecraft:wheat_seeds":106,"minecraft:diamond_leggings":1,"minecraft:cobbled_deepslate":83,"create:shaft":12,"minecraft:wooden_shovel":2,"minecraft:iron_pickaxe":2,"minecraft:diamond_helmet":2,"minecraft:iron_sword":1,"minecraft:iron_boots":2,"minecraft:raw_iron":35,"minecraft:diorite":8,"minecraft:redstone":76,"create:zinc_ingot":6,"minecraft:rotten_flesh":3,"minecraft:arrow":1,"minecraft:diamond_chestplate":3,"create:brass_ingot":2,"minecraft:diamond":2,"minecraft:diamond_boots":2,"minecraft:iron_helmet":2,"minecraft:diamond_axe":1,"minecraft:granite":29,"minecraft:bread":127,"minecraft:coal":12,"minecraft:cobblestone":112,"minecraft:diamond_pickaxe":1},"minecraft:dropped":{"minecraft:wheat_seeds":106,"create:shaft":6,"minecraft:copper_ingot":13,"create:brass_sheet":1,"create:zinc_ingot":19,"create:brass_ingot":1},"minecraft:custom":{"minecraft:interact_with_furnace":16,"minecraft:mob_kills":1,"minecraft:interact_with_anvil":2,"minecraft:interact_with_crafting_table":23,"minecraft:interact_with_stonecutter":2,"minecraft:leave_game":2,"minecraft:time_since_death":12743,"minecraft:climb_one_cm":653,"minecraft:time_since_rest":13210,"minecraft:sprint_one_cm":83754,"minecraft:damage_taken":1834,"minecraft:walk_one_cm":122801,"minecraft:drop":141,"minecraft:damage_dealt":1134,"minecraft:damage_dealt_absorbed":80,"minecraft:swim_one_cm":3583,"minecraft:fly_one_cm":139231,"minecraft:open_chest":52,"minecraft:crouch_one_cm":18521,"minecraft:play_time":90362,"minecraft:deaths":4,"minecraft:sneak_time":9609,"minecraft:walk_under_water_one_cm":5641,"minecraft:jump":679,"minecraft:interact_with_blast_furnace":2,"minecraft:walk_on_water_one_cm":6981,"minecraft:total_world_time":90362,"minecraft:fall_one_cm":12866},"minecraft:broken":{"minecraft:iron_pickaxe":1,"minecraft:wooden_pickaxe":1},"minecraft:killed_by":{"minecraft:player":1,"minecraft:skeleton":1,"minecraft:creeper":2},"minecraft:killed":{"minecraft:zombie":1}},"DataVersion":3465}