{"stats":{"minecraft:crafted":{"minecraft:smooth_stone":1,"minecraft:oak_planks":292,"minecraft:iron_nugget":99,"minecraft:hopper":3,"minecraft:diamond_helmet":1,"minecraft:chest":16,"minecraft:diamond_boots":1,"minecraft:wooden_shovel":2,"minecraft:crafting_table":2,"minecraft:wooden_pickaxe":2,"minecraft:jungle_planks":20,"minecraft:air":0,"minecraft:diamond_pickaxe":1,"minecraft:stick":16,"minecraft:iron_ingot":35,"minecraft:iron_block":3,"minecraft:iron_shovel":2,"minecraft:anvil":1},"minecraft:used":{"create:framed_glass":1,"minecraft:iron_shovel":17,"minecraft:chest":13,"minecraft:iron_sword":20,"minecraft:wooden_shovel":14,"minecraft:dirt":123,"minecraft:anvil":1,"minecraft:hopper":4,"minecraft:diamond_helmet":2,"minecraft:granite":18,"minecraft:lantern":1,"minecraft:iron_axe":13,"minecraft:diamond_chestplate":1,"create:shaft":8,"minecraft:cobbled_deepslate":14,"minecraft:water_bucket":1,"minecraft:diorite":8,"minecraft:diamond_boots":3,"minecraft:oak_planks":4,"minecraft:wooden_pickaxe":70,"minecraft:diamond_axe":40,"minecraft:salmon":4,"minecraft:crafting_table":2,"betternether:nether_ruby_leggings":1,"create:filter":1,"betternether:pig_statue_respawner":1,"minecraft:oak_log":3,"minecraft:diamond_pickaxe":1,"minecraft:bread":20,"minecraft:iron_pickaxe":333,"minecraft:cobblestone":79,"minecraft:bucket":1,"minecraft:andesite":5,"minecraft:smooth_stone":2},"minecraft:mined":{"create:zinc_ore":1,"minecraft:tuff":22,"minecraft:deepslate_diamond_ore":2,"minecraft:granite":38,"minecraft:grass_block":19,"minecraft:jungle_log":6,"minecraft:hopper":1,"create:shaft":7,"minecraft:iron_ore":18,"minecraft:fire":14,"minecraft:cobbled_deepslate":1,"minecraft:andesite":15,"betternether:pig_statue_respawner":1,"minecraft:deepslate_iron_ore":17,"minecraft:oak_sign":1,"minecraft:vine":7,"minecraft:lantern":1,"minecraft:stripped_oak_log":3,"minecraft:stone":141,"minecraft:deepslate_redstone_ore":17,"create:framed_glass":1,"minecraft:chest":7,"minecraft:cobblestone":4,"minecraft:tall_grass":1,"minecraft:copper_ore":10,"minecraft:oak_planks":4,"minecraft:diorite":8,"minecraft:wheat":49,"minecraft:grass":15,"minecraft:coal_ore":12,"minecraft:oak_log":6,"minecraft:gravel":3,"minecraft:dirt":42,"minecraft:oak_leaves":1,"minecraft:deepslate":83},"minecraft:picked_up":{"minecraft:iron_chestplate":2,"minecraft:wheat":40,"betternether:pig_statue_respawner":1,"create:rotation_speed_controller":1,"create:wrench":1,"minecraft:raw_copper":40,"minecraft:iron_axe":2,"minecraft:iron_leggings":2,"minecraft:iron_shovel":1,"betternether:nether_ruby_leggings":3,"create:redstone_link":4,"minecraft:oak_sign":1,"minecraft:diamond_leggings":1,"minecraft:cobbled_deepslate":84,"minecraft:smooth_stone":6,"minecraft:wooden_shovel":2,"minecraft:iron_pickaxe":2,"minecraft:chest":7,"minecraft:iron_boots":2,"minecraft:raw_iron":35,"minecraft:diorite":8,"create:framed_glass":1,"minecraft:redstone":76,"create:zinc_ingot":6,"minecraft:diamond_chestplate":3,"minecraft:arrow":3,"minecraft:rotten_flesh":4,"minecraft:diamond_boots":2,"minecraft:cobblestone":184,"minecraft:stripped_oak_log":6,"minecraft:andesite":15,"minecraft:water_bucket":4,"minecraft:jungle_log":5,"minecraft:salmon":65,"minecraft:flint":1,"minecraft:tuff":22,"create:raw_zinc":1,"minecraft:oak_log":18,"minecraft:dirt":87,"minecraft:lantern":1,"minecraft:bone":2,"minecraft:wheat_seeds":107,"create:shaft":13,"minecraft:diamond_helmet":2,"minecraft:iron_sword":1,"minecraft:oak_planks":3,"minecraft:gravel":2,"create:brass_ingot":2,"minecraft:diamond":2,"create:filter":3,"minecraft:iron_helmet":2,"minecraft:granite":38,"minecraft:diamond_axe":1,"minecraft:bread":129,"minecraft:emerald":6,"minecraft:coal":12,"minecraft:hopper":1,"minecraft:diamond_pickaxe":1},"minecraft:dropped":{"minecraft:bread":5,"minecraft:wheat_seeds":107,"minecraft:cobblestone":2,"minecraft:copper_ingot":13,"minecraft:emerald":3,"create:brass_sheet":1,"minecraft:iron_shovel":1,"minecraft:iron_nugget":99,"create:shaft":6,"create:rotation_speed_controller":1,"minecraft:salmon":1,"create:zinc_ingot":19,"create:wrench":1,"create:brass_ingot":1},"minecraft:custom":{"minecraft:interact_with_anvil":2,"minecraft:mob_kills":2,"minecraft:interact_with_crafting_table":34,"minecraft:open_barrel":12,"minecraft:leave_game":2,"minecraft:time_since_death":84743,"minecraft:climb_one_cm":820,"minecraft:sprint_one_cm":173184,"minecraft:walk_one_cm":236871,"minecraft:drop":158,"minecraft:damage_dealt_absorbed":80,"minecraft:play_time":162362,"minecraft:sneak_time":16115,"minecraft:deaths":4,"minecraft:walk_under_water_one_cm":6029,"minecraft:jump":1382,"minecraft:interact_with_blast_furnace":2,"minecraft:walk_on_water_one_cm":12820,"minecraft:total_world_time":162362,"minecraft:interact_with_furnace":23,"minecraft:interact_with_stonecutter":2,"minecraft:time_since_rest":85210,"minecraft:damage_taken":2547,"minecraft:damage_dealt":1759,"minecraft:swim_one_cm":3583,"minecraft:fly_one_cm":310562,"minecraft:open_chest":114,"minecraft:crouch_one_cm":31597,"minecraft:fall_one_cm":24003},"minecraft:broken":{"minecraft:wooden_pickaxe":1,"minecraft:iron_pickaxe":1},"minecraft:killed_by":{"minecraft:player":1,"minecraft:creeper":2,"minecraft:skeleton":1},"minecraft:killed":{"minecraft:zombie":2}},"DataVersion":3465}