{"stats":{"minecraft:crafted":{"minecraft:oak_planks":24,"minecraft:wooden_shovel":2,"minecraft:diamond_helmet":1,"minecraft:diamond_pickaxe":1,"minecraft:crafting_table":2,"minecraft:stick":12,"minecraft:wooden_pickaxe":2,"minecraft:diamond_boots":1,"minecraft:jungle_planks":20},"minecraft:used":{"minecraft:diorite":8,"minecraft:diamond_boots":1,"minecraft:iron_axe":7,"minecraft:bread":1,"minecraft:iron_pickaxe":250,"minecraft:wooden_pickaxe":70,"minecraft:iron_sword":1,"minecraft:wooden_shovel":14,"minecraft:cobblestone":51,"minecraft:dirt":25,"minecraft:crafting_table":2},"minecraft:mined":{"minecraft:deepslate_redstone_ore":17,"minecraft:tuff":22,"minecraft:deepslate_diamond_ore":2,"minecraft:iron_ore":18,"minecraft:andesite":10,"minecraft:granite":18,"minecraft:deepslate_iron_ore":17,"minecraft:grass_block":8,"minecraft:coal_ore":12,"minecraft:oak_log":6,"minecraft:jungle_log":6,"minecraft:dirt":18,"minecraft:tall_grass":1,"minecraft:cobblestone":1,"minecraft:stone":108,"minecraft:diorite":8,"minecraft:oak_leaves":1,"minecraft:deepslate":83},"minecraft:picked_up":{"minecraft:iron_chestplate":2,"minecraft:raw_iron":35,"minecraft:andesite":10,"minecraft:water_bucket":1,"minecraft:jungle_log":5,"minecraft:tuff":22,"minecraft:oak_log":6,"minecraft:diorite":8,"minecraft:redstone":76,"minecraft:dirt":26,"minecraft:iron_axe":1,"minecraft:iron_leggings":2,"minecraft:bone":2,"minecraft:arrow":1,"betternether:nether_ruby_leggings":1,"minecraft:diamond_chestplate":1,"minecraft:diamond":2,"minecraft:diamond_leggings":1,"minecraft:cobbled_deepslate":83,"minecraft:iron_helmet":2,"minecraft:granite":18,"minecraft:bread":64,"minecraft:iron_pickaxe":1,"minecraft:cobblestone":108,"minecraft:iron_sword":1,"minecraft:coal":12,"minecraft:iron_boots":2},"minecraft:dropped":{"create:zinc_ingot":19,"minecraft:copper_ingot":13},"minecraft:custom":{"minecraft:time_since_rest":32232,"minecraft:interact_with_furnace":13,"minecraft:sprint_one_cm":33252,"minecraft:damage_taken":732,"minecraft:walk_one_cm":37313,"minecraft:interact_with_anvil":2,"minecraft:drop":32,"minecraft:damage_dealt":7,"minecraft:interact_with_crafting_table":8,"minecraft:swim_one_cm":3583,"minecraft:fly_one_cm":64193,"minecraft:open_chest":15,"minecraft:play_time":48362,"minecraft:crouch_one_cm":12631,"minecraft:deaths":2,"minecraft:sneak_time":7895,"minecraft:walk_under_water_one_cm":5641,"minecraft:jump":343,"minecraft:interact_with_blast_furnace":2,"minecraft:leave_game":2,"minecraft:time_since_death":32151,"minecraft:walk_on_water_one_cm":6449,"minecraft:total_world_time":48362,"minecraft:climb_one_cm":338,"minecraft:fall_one_cm":7305},"minecraft:broken":{"minecraft:wooden_pickaxe":1,"minecraft:iron_pickaxe":1},"minecraft:killed_by":{"minecraft:player":1,"minecraft:skeleton":1}},"DataVersion":3465}