{"stats":{"minecraft:crafted":{"minecraft:smooth_stone":1,"minecraft:oak_planks":292,"minecraft:iron_nugget":108,"minecraft:bookshelf":23,"minecraft:hopper":3,"minecraft:glass":4,"minecraft:lantern":13,"minecraft:diamond_helmet":1,"minecraft:chest":16,"minecraft:diamond_boots":1,"minecraft:wooden_shovel":2,"minecraft:emerald":20,"minecraft:crafting_table":2,"minecraft:wooden_pickaxe":2,"minecraft:enchanted_book":7,"minecraft:air":0,"minecraft:jungle_planks":20,"minecraft:diamond_pickaxe":1,"minecraft:stick":16,"minecraft:iron_ingot":35,"minecraft:iron_block":3,"minecraft:iron_shovel":2,"minecraft:anvil":1},"minecraft:dropped":{"create:basin":1,"minecraft:water_bucket":3,"minecraft:bread":5,"minecraft:iron_ingot":1,"create:belt_connector":3,"create:vertical_gearbox":1,"create:super_glue":2,"minecraft:wheat_seeds":107,"minecraft:cobblestone":143,"minecraft:book":1,"create:chute":1,"create:filter":14,"minecraft:copper_ingot":13,"minecraft:grass_block":2,"minecraft:flint":182,"minecraft:emerald":3,"minecraft:lava_bucket":1,"create:brass_sheet":1,"minecraft:jungle_sapling":3,"minecraft:bone_meal":2,"minecraft:iron_shovel":1,"minecraft:gravel":1448,"create:brass_funnel":1,"minecraft:iron_nugget":340,"create:shaft":7,"minecraft:rotten_flesh":1,"minecraft:oak_planks":16,"create:rotation_speed_controller":1,"minecraft:salmon":55,"minecraft:diamond_sword":1,"create:creative_motor":1,"minecraft:brick_stairs":1,"create:zinc_ingot":19,"minecraft:diamond_pickaxe":1,"minecraft:jungle_log":18,"minecraft:hopper":1,"create:wrench":1,"minecraft:chest":1,"create:deployer":2,"create:brass_ingot":1,"create:mechanical_press":1},"minecraft:killed_by":{"minecraft:player":2,"minecraft:creeper":2,"minecraft:skeleton":1,"minecraft:zombie":1},"minecraft:custom":{"minecraft:interact_with_anvil":13,"minecraft:mob_kills":5,"minecraft:inspect_hopper":1,"minecraft:interact_with_crafting_table":35,"minecraft:open_barrel":24,"minecraft:leave_game":6,"minecraft:time_since_death":104167,"minecraft:climb_one_cm":820,"minecraft:sprint_one_cm":218676,"minecraft:walk_one_cm":465613,"minecraft:drop":880,"minecraft:damage_dealt_absorbed":80,"minecraft:talked_to_villager":59,"minecraft:play_time":338406,"minecraft:sneak_time":21678,"minecraft:deaths":6,"minecraft:walk_under_water_one_cm":11610,"minecraft:jump":1955,"minecraft:interact_with_blast_furnace":2,"minecraft:walk_on_water_one_cm":18718,"minecraft:total_world_time":338406,"minecraft:interact_with_furnace":23,"minecraft:traded_with_villager":64,"minecraft:interact_with_stonecutter":2,"minecraft:time_since_rest":104265,"minecraft:damage_taken":3191,"minecraft:damage_dealt":2231,"minecraft:swim_one_cm":3583,"minecraft:fly_one_cm":440443,"minecraft:open_chest":160,"minecraft:crouch_one_cm":45189,"minecraft:fall_one_cm":28438},"minecraft:killed":{"minecraft:cat":1,"minecraft:creeper":1,"minecraft:zombie":3,"minecraft:player":1},"minecraft:used":{"create:deployer":37,"create:framed_glass":1,"minecraft:iron_shovel":17,"minecraft:flint_and_steel":1,"create:portable_storage_interface":7,"minecraft:chest":17,"minecraft:iron_sword":20,"create:sticky_mechanical_piston":1,"minecraft:wooden_shovel":14,"create:mechanical_bearing":17,"minecraft:dirt":129,"minecraft:anvil":1,"minecraft:hopper":6,"minecraft:diamond_helmet":3,"minecraft:granite":18,"create:chute":3,"minecraft:lava_bucket":2,"minecraft:chipped_anvil":1,"minecraft:bricks":11,"minecraft:bookshelf":23,"create:wrench":3,"minecraft:lantern":1,"minecraft:iron_axe":13,"minecraft:grass_block":70,"minecraft:brick_stairs":49,"create:creative_motor":7,"minecraft:diamond_chestplate":2,"create:radial_chassis":13,"create:shaft":18,"minecraft:oak_sapling":11,"minecraft:cobbled_deepslate":14,"create:belt_connector":4,"minecraft:water_bucket":8,"minecraft:diorite":8,"minecraft:diamond_boots":3,"minecraft:oak_planks":5,"create:brass_tunnel":8,"minecraft:wooden_pickaxe":70,"minecraft:diamond_axe":75,"create:mechanical_saw":3,"minecraft:salmon":4,"create:brass_funnel":17,"minecraft:tnt":23,"minecraft:crafting_table":2,"betternether:nether_ruby_leggings":1,"create:filter":11,"betternether:pig_statue_respawner":1,"minecraft:oak_log":3,"create:linear_chassis":1,"minecraft:diamond_pickaxe":1,"create:mechanical_press":1,"minecraft:bread":24,"minecraft:iron_pickaxe":334,"create:water_wheel":5,"minecraft:gravel":5,"create:basin":2,"minecraft:cobblestone":88,"minecraft:andesite":5,"minecraft:bucket":2,"create:vertical_gearbox":1,"minecraft:diamond_leggings":1,"minecraft:bone_meal":110,"minecraft:smooth_stone":2,"minecraft:experience_bottle":64},"minecraft:picked_up":{"minecraft:iron_chestplate":2,"minecraft:wheat":80,"betternether:pig_statue_respawner":1,"minecraft:diamond_sword":1,"create:rotation_speed_controller":1,"mobs_of_mythology:kobold_spear":4,"create:wrench":1,"minecraft:shield":1,"minecraft:raw_copper":40,"minecraft:iron_axe":2,"minecraft:flint_and_steel":1,"minecraft:iron_leggings":2,"minecraft:iron_shovel":3,"create:redstone_link":4,"minecraft:experience_bottle":64,"betternether:nether_ruby_leggings":4,"minecraft:oak_sign":1,"minecraft:diamond_leggings":2,"minecraft:cobbled_deepslate":84,"minecraft:smooth_stone":6,"minecraft:iron_nugget":162,"minecraft:wooden_shovel":2,"minecraft:iron_pickaxe":3,"minecraft:chest":15,"minecraft:iron_boots":2,"minecraft:raw_iron":35,"minecraft:diorite":8,"create:framed_glass":1,"minecraft:redstone":76,"create:zinc_ingot":6,"minecraft:tnt":64,"minecraft:rotten_flesh":5,"minecraft:arrow":3,"minecraft:diamond_chestplate":5,"minecraft:diamond_boots":4,"minecraft:totem_of_undying":1,"minecraft:cobblestone":234,"minecraft:stripped_oak_log":6,"minecraft:andesite":15,"minecraft:water_bucket":7,"minecraft:salmon":119,"minecraft:jungle_log":6,"minecraft:flint":116,"minecraft:tuff":22,"create:raw_zinc":1,"minecraft:oak_log":18,"minecraft:dirt":90,"minecraft:lantern":1,"minecraft:bone":2,"minecraft:chipped_anvil":1,"minecraft:wheat_seeds":107,"minecraft:iron_ingot":113,"create:shaft":14,"minecraft:diamond_helmet":4,"create:super_glue":1,"minecraft:iron_sword":1,"minecraft:oak_planks":67,"minecraft:book":69,"minecraft:gravel":949,"minecraft:lava_bucket":1,"minecraft:grass_block":2,"create:brass_tunnel":3,"create:brass_ingot":2,"minecraft:diamond":2,"create:filter":18,"minecraft:iron_helmet":2,"minecraft:granite":38,"minecraft:diamond_axe":3,"minecraft:bone_meal":1,"minecraft:emerald":412,"minecraft:bread":173,"minecraft:oak_sapling":10,"minecraft:coal":12,"minecraft:hopper":1,"minecraft:diamond_pickaxe":2},"minecraft:broken":{"minecraft:wooden_pickaxe":1,"minecraft:iron_pickaxe":1},"minecraft:mined":{"create:zinc_ore":1,"minecraft:tuff":22,"minecraft:deepslate_diamond_ore":2,"minecraft:granite":38,"minecraft:grass_block":21,"minecraft:jungle_log":6,"minecraft:hopper":1,"create:shaft":7,"minecraft:iron_ore":18,"minecraft:cobbled_deepslate":1,"minecraft:fire":14,"minecraft:andesite":15,"betternether:pig_statue_respawner":1,"minecraft:bookshelf":23,"minecraft:oak_sign":1,"minecraft:deepslate_iron_ore":17,"minecraft:vine":7,"minecraft:lantern":1,"minecraft:stripped_oak_log":3,"minecraft:stone":141,"minecraft:deepslate_redstone_ore":17,"create:framed_glass":2,"minecraft:chest":7,"minecraft:tall_grass":2,"minecraft:copper_ore":10,"minecraft:cobblestone":4,"minecraft:oak_planks":5,"minecraft:diorite":8,"minecraft:wheat":49,"minecraft:grass":15,"minecraft:oak_log":6,"minecraft:coal_ore":12,"minecraft:gravel":6,"minecraft:dirt":43,"minecraft:chipped_anvil":1,"minecraft:oak_leaves":1,"minecraft:deepslate":83}},"DataVersion":3465}