{"stats":{"minecraft:crafted":{"minecraft:smooth_stone":1,"minecraft:oak_planks":292,"minecraft:wooden_shovel":2,"minecraft:iron_nugget":99,"minecraft:crafting_table":2,"minecraft:wooden_pickaxe":2,"minecraft:air":0,"minecraft:jungle_planks":20,"minecraft:diamond_helmet":1,"minecraft:diamond_pickaxe":1,"minecraft:stick":16,"minecraft:iron_ingot":35,"minecraft:iron_shovel":2,"minecraft:iron_block":3,"minecraft:anvil":1,"minecraft:diamond_boots":1},"minecraft:used":{"create:framed_glass":1,"minecraft:water_bucket":1,"minecraft:iron_shovel":11,"minecraft:diorite":8,"minecraft:diamond_boots":3,"minecraft:oak_planks":2,"minecraft:wooden_pickaxe":70,"minecraft:iron_sword":20,"minecraft:diamond_axe":22,"minecraft:wooden_shovel":14,"minecraft:salmon":4,"minecraft:dirt":112,"minecraft:anvil":1,"minecraft:crafting_table":2,"minecraft:diamond_helmet":2,"betternether:nether_ruby_leggings":1,"minecraft:granite":18,"create:filter":1,"betternether:pig_statue_respawner":1,"minecraft:oak_log":3,"minecraft:diamond_pickaxe":1,"minecraft:lantern":1,"minecraft:iron_axe":13,"minecraft:bread":18,"minecraft:iron_pickaxe":330,"minecraft:diamond_chestplate":1,"minecraft:cobblestone":79,"create:shaft":8,"minecraft:andesite":5,"minecraft:bucket":1,"minecraft:cobbled_deepslate":14,"minecraft:smooth_stone":2},"minecraft:mined":{"create:zinc_ore":1,"minecraft:deepslate_redstone_ore":17,"minecraft:tuff":22,"minecraft:deepslate_diamond_ore":2,"minecraft:granite":38,"minecraft:grass_block":15,"minecraft:jungle_log":6,"minecraft:copper_ore":10,"minecraft:tall_grass":1,"minecraft:cobblestone":4,"minecraft:oak_planks":2,"minecraft:diorite":8,"create:shaft":6,"minecraft:cobbled_deepslate":1,"minecraft:fire":14,"minecraft:iron_ore":18,"minecraft:wheat":49,"minecraft:andesite":15,"minecraft:vine":7,"minecraft:oak_sign":1,"betternether:pig_statue_respawner":1,"minecraft:grass":15,"minecraft:oak_log":6,"minecraft:coal_ore":12,"minecraft:deepslate_iron_ore":17,"minecraft:lantern":1,"minecraft:gravel":3,"minecraft:dirt":36,"minecraft:stripped_oak_log":3,"minecraft:stone":141,"minecraft:oak_leaves":1,"minecraft:deepslate":83},"minecraft:picked_up":{"minecraft:stripped_oak_log":6,"minecraft:iron_chestplate":2,"minecraft:wheat":40,"minecraft:salmon":65,"minecraft:jungle_log":5,"minecraft:water_bucket":4,"minecraft:andesite":15,"betternether:pig_statue_respawner":1,"create:rotation_speed_controller":1,"create:wrench":1,"minecraft:flint":1,"minecraft:tuff":22,"create:raw_zinc":1,"minecraft:oak_log":18,"minecraft:dirt":76,"minecraft:lantern":1,"minecraft:raw_copper":40,"minecraft:iron_axe":2,"minecraft:iron_leggings":2,"minecraft:iron_shovel":1,"create:redstone_link":4,"betternether:nether_ruby_leggings":3,"minecraft:bone":2,"minecraft:oak_sign":1,"minecraft:wheat_seeds":107,"minecraft:diamond_leggings":1,"minecraft:smooth_stone":6,"minecraft:cobbled_deepslate":84,"create:shaft":12,"minecraft:wooden_shovel":2,"minecraft:iron_pickaxe":2,"minecraft:diamond_helmet":2,"minecraft:oak_planks":2,"minecraft:iron_sword":1,"minecraft:iron_boots":2,"minecraft:raw_iron":35,"minecraft:gravel":2,"minecraft:diorite":8,"create:framed_glass":1,"minecraft:redstone":76,"create:filter":3,"create:zinc_ingot":6,"minecraft:rotten_flesh":3,"minecraft:arrow":3,"minecraft:diamond_chestplate":3,"create:brass_ingot":2,"minecraft:diamond":2,"minecraft:diamond_boots":2,"minecraft:iron_helmet":2,"minecraft:diamond_axe":1,"minecraft:granite":38,"minecraft:emerald":6,"minecraft:bread":129,"minecraft:coal":12,"minecraft:cobblestone":149,"minecraft:diamond_pickaxe":1},"minecraft:dropped":{"minecraft:bread":5,"minecraft:wheat_seeds":106,"minecraft:iron_nugget":99,"create:shaft":6,"minecraft:cobblestone":2,"minecraft:copper_ingot":13,"create:rotation_speed_controller":1,"minecraft:salmon":1,"minecraft:emerald":3,"create:brass_sheet":1,"create:zinc_ingot":19,"create:wrench":1,"create:brass_ingot":1,"minecraft:iron_shovel":1},"minecraft:custom":{"minecraft:interact_with_furnace":23,"minecraft:mob_kills":1,"minecraft:interact_with_anvil":2,"minecraft:interact_with_crafting_table":28,"minecraft:interact_with_stonecutter":2,"minecraft:leave_game":2,"minecraft:time_since_death":72743,"minecraft:climb_one_cm":820,"minecraft:time_since_rest":73210,"minecraft:sprint_one_cm":155808,"minecraft:damage_taken":2325,"minecraft:walk_one_cm":216174,"minecraft:drop":157,"minecraft:damage_dealt":1145,"minecraft:damage_dealt_absorbed":80,"minecraft:swim_one_cm":3583,"minecraft:fly_one_cm":260506,"minecraft:open_chest":103,"minecraft:crouch_one_cm":28062,"minecraft:play_time":150362,"minecraft:deaths":4,"minecraft:sneak_time":14401,"minecraft:walk_under_water_one_cm":5906,"minecraft:jump":1287,"minecraft:interact_with_blast_furnace":2,"minecraft:walk_on_water_one_cm":12718,"minecraft:total_world_time":150362,"minecraft:fall_one_cm":22438},"minecraft:broken":{"minecraft:iron_pickaxe":1,"minecraft:wooden_pickaxe":1},"minecraft:killed_by":{"minecraft:player":1,"minecraft:skeleton":1,"minecraft:creeper":2},"minecraft:killed":{"minecraft:zombie":1}},"DataVersion":3465}