{"stats":{"minecraft:crafted":{"minecraft:oak_planks":632,"minecraft:barrel":30,"minecraft:stone":3,"sophisticatedbackpacks:crafting_upgrade":1,"create:vertical_gearbox":2,"create:rotation_speed_controller":1,"minecraft:glass":11,"create:mechanical_press":1,"minecraft:chest":17,"create:spout":2,"minecraft:stone_hoe":1,"create:cogwheel":20,"minecraft:smoker":3,"minecraft:oak_slab":6,"create:depot":3,"minecraft:arrow":64,"create:rose_quartz":11,"minecraft:emerald":7,"minecraft:crafting_table":11,"minecraft:wooden_pickaxe":2,"create:zinc_nugget":144,"minecraft:copper_ingot":48,"create:sand_paper":2,"sophisticatedbackpacks:upgrade_base":1,"create:stressometer":1,"create:gearbox":2,"create:encased_fan":1,"minecraft:stone_brick_stairs":4,"create:water_wheel":6,"minecraft:stick":224,"minecraft:iron_ingot":40,"minecraft:iron_pickaxe":2,"minecraft:iron_block":1,"minecraft:stone_sword":1,"minecraft:gold_ingot":17,"create:large_cogwheel":4,"create:propeller":1,"minecraft:shears":1,"minecraft:oak_door":3,"minecraft:cobbled_deepslate_slab":6,"minecraft:coal":45,"create:wrench":1,"minecraft:iron_nugget":64,"minecraft:spyglass":1,"minecraft:furnace":2,"minecraft:oak_trapdoor":14,"minecraft:iron_axe":3,"minecraft:iron_hoe":1,"minecraft:stone_pickaxe":2,"create:fluid_tank":27,"minecraft:diamond_boots":1,"create:electron_tube":11,"create:belt_connector":5,"minecraft:wheat":1260,"create:andesite_alloy":33,"create:hand_crank":1,"minecraft:dried_kelp":33,"create:goggles":1,"create:large_water_wheel":3,"minecraft:bucket":3,"minecraft:stone_axe":1,"minecraft:enchanted_book":1,"minecraft:jungle_slab":78,"minecraft:air":0,"minecraft:bread":442,"minecraft:jungle_planks":176,"create:speedometer":1,"create:mechanical_crafter":24,"minecraft:white_bed":1,"create:shaft":56,"minecraft:andesite":50,"create:zinc_ingot":35,"minecraft:diamond_chestplate":1},"minecraft:used":{"minecraft:red_sand":1,"minecraft:poppy":2,"minecraft:chest":19,"minecraft:iron_sword":133,"minecraft:bell":1,"create:fluid_tank":27,"create:cogwheel":12,"create:mechanical_crafter":21,"minecraft:carrot":20,"create:depot":8,"create:speedometer":8,"easy_npc:humanoid_spawn_egg":1,"minecraft:obsidian":1,"mobs_of_mythology:kobold_spear":14,"minecraft:jungle_sapling":1,"minecraft:lava_bucket":2,"minecraft:lantern":26,"minecraft:stone_brick_stairs":10,"minecraft:stone_bricks":55,"minecraft:item_frame":13,"create:rotation_speed_controller":2,"minecraft:brown_carpet":6,"create:shaft":47,"minecraft:oak_sapling":59,"create:steam_engine":5,"minecraft:furnace":17,"minecraft:potato":18,"minecraft:diamond_boots":1,"minecraft:stone_pickaxe":132,"minecraft:oak_planks":71,"create:sand_paper":5,"minecraft:leather_chestplate":1,"minecraft:wooden_pickaxe":10,"minecraft:composter":1,"minecraft:diamond_axe":5,"minecraft:oak_leaves":1,"create:spout":2,"minecraft:blast_furnace":4,"minecraft:stone_brick_wall":12,"betternether:nether_ruby_leggings":1,"minecraft:shears":42,"minecraft:bread":58,"minecraft:lectern":70,"easy_npc:fairy_spawn_egg":1,"minecraft:diamond_sword":10,"create:basin":2,"minecraft:grindstone":2,"minecraft:smithing_table":1,"create:stressometer":2,"minecraft:smooth_stone_slab":1,"create:large_cogwheel":19,"create:vertical_gearbox":12,"minecraft:coarse_dirt":1,"minecraft:oak_trapdoor":14,"minecraft:experience_bottle":2,"minecraft:stone_sword":21,"minecraft:stone_hoe":88,"minecraft:oak_door":3,"minecraft:brewing_stand":3,"create:mechanical_pump":3,"minecraft:dirt":577,"minecraft:spyglass":15,"minecraft:anvil":1,"create:mechanical_mixer":7,"minecraft:spruce_stairs":3,"minecraft:iron_hoe":55,"minecraft:stone_brick_slab":4,"create:wrench":100,"minecraft:iron_axe":618,"create:creative_motor":11,"minecraft:diamond_chestplate":1,"create:fluid_pipe":7,"minecraft:stone_pressure_plate":2,"minecraft:cobbled_deepslate":43,"minecraft:iron_leggings":1,"create:wand_of_symmetry":7,"create:handheld_worldshaper":1,"minecraft:water_bucket":17,"minecraft:cobblestone_stairs":10,"minecraft:fletching_table":3,"minecraft:leather_boots":1,"create:blaze_burner":9,"create:encased_fan":1,"minecraft:crafting_table":13,"minecraft:oak_slab":11,"create:schematicannon":1,"minecraft:white_bed":15,"minecraft:smoker":5,"minecraft:oak_log":34,"minecraft:diamond_pickaxe":311,"minecraft:apple":2,"minecraft:diamond_shovel":745,"create:mechanical_press":8,"minecraft:iron_pickaxe":283,"minecraft:map":1,"create:water_wheel":9,"create:large_water_wheel":17,"betternether:cincinnasite_forge":2,"minecraft:stone_axe":141,"minecraft:cobbled_deepslate_slab":1,"minecraft:bucket":18,"create:hand_crank":4,"minecraft:stripped_oak_log":3,"minecraft:dandelion":2,"minecraft:diamond_leggings":2,"minecraft:chainmail_leggings":1},"minecraft:mined":{"minecraft:oak_sapling":8,"create:copper_casing":11,"minecraft:white_bed":17,"betternether:nether_mushroom_fence":1,"betternether:cincinnasite_pedestal":4,"minecraft:farmland":8,"create:andesite_casing":12,"minecraft:cobblestone_stairs":22,"minecraft:jungle_leaves":5,"minecraft:brewing_stand":3,"minecraft:spruce_trapdoor":5,"minecraft:granite":15,"minecraft:red_sand":1,"minecraft:stone_brick_wall":28,"minecraft:grass_block":234,"minecraft:jungle_log":4,"betternether:nether_brick_wall":2,"minecraft:oak_pressure_plate":1,"minecraft:coal_block":3,"minecraft:composter":1,"create:powered_shaft":1,"create:rotation_speed_controller":1,"minecraft:tall_seagrass":1,"create:speedometer":6,"minecraft:iron_ore":19,"minecraft:cobbled_deepslate":10,"minecraft:fire":8,"minecraft:anvil":1,"minecraft:fletching_table":3,"minecraft:dirt_path":1,"minecraft:iron_bars":4,"minecraft:iron_block":1,"create:mechanical_press":7,"minecraft:jungle_trapdoor":1,"create:cogwheel":7,"create:steam_engine":3,"minecraft:kelp_plant":4,"minecraft:smoker":2,"minecraft:clay":3,"minecraft:torch":1,"minecraft:blast_furnace":4,"minecraft:melon":14,"minecraft:chest":3,"minecraft:cobblestone":4,"minecraft:oak_planks":28,"minecraft:grindstone":4,"minecraft:wall_torch":2,"create:large_water_wheel":6,"minecraft:seagrass":1,"create:basin":2,"minecraft:wheat":93,"create:mechanical_mixer":7,"minecraft:smooth_stone_slab":1,"minecraft:stone_brick_stairs":9,"create:spout":1,"betternether:nether_mushroom_stem":1,"minecraft:grass":54,"minecraft:oak_log":409,"minecraft:beetroots":4,"create:hand_crank":3,"create:stressometer":1,"minecraft:sand":19,"minecraft:dirt":284,"minecraft:netherrack":1,"minecraft:oak_leaves":108,"minecraft:deepslate":3,"create:zinc_ore":17,"betternether:cincinnasite_forge":2,"minecraft:oak_door":4,"create:fluid_tank":16,"minecraft:cobbled_deepslate_slab":1,"create:large_cogwheel":12,"minecraft:jungle_planks":2,"create:depot":5,"create:encased_fan":1,"betternether:black_bush":1,"minecraft:moss_block":1,"minecraft:kelp":1,"minecraft:hay_block":140,"create:shaft":22,"minecraft:oak_trapdoor":7,"minecraft:furnace":21,"minecraft:carrots":30,"betternether:cincinnasite_wall":4,"minecraft:andesite":19,"betternether:willow_log":9,"betternether:wall_mushroom_brown":1,"minecraft:diamond_block":1,"betternether:quartz_glass_framed_pane":1,"minecraft:bell":1,"betternether:pig_statue_respawner":1,"minecraft:bookshelf":46,"minecraft:potatoes":12,"minecraft:lantern":17,"minecraft:stripped_oak_log":3,"minecraft:stone":243,"minecraft:white_wool":5,"minecraft:smithing_table":1,"minecraft:oak_slab":18,"minecraft:scaffolding":2,"minecraft:glass_pane":1,"minecraft:brown_carpet":4,"minecraft:stone_brick_slab":5,"minecraft:dandelion":1,"minecraft:oak_fence":2,"minecraft:crafting_table":12,"create:fluid_pipe":3,"create:creative_motor":3,"betternether:bone_wall":1,"create:mechanical_pump":2,"minecraft:rose_bush":1,"minecraft:campfire":9,"minecraft:lectern":69,"create:water_wheel":6,"minecraft:copper_ore":11,"minecraft:tall_grass":6,"minecraft:lapis_ore":4,"minecraft:diorite":25,"minecraft:spruce_stairs":6,"create:water_wheel_structure":5,"create:blaze_burner":4,"minecraft:coarse_dirt":1,"create:gearbox":4,"minecraft:white_wall_banner":2,"betternether:willow_torch":6,"minecraft:black_wool":1,"minecraft:zombie_head":1,"minecraft:gravel":232,"betternether:chest_of_drawers":1,"minecraft:cobweb":1,"minecraft:stone_bricks":52,"minecraft:fern":3},"minecraft:picked_up":{"minecraft:wheat":66,"minecraft:anvil":1,"create:spout":1,"minecraft:smithing_table":1,"betternether:pig_statue_respawner":1,"mobs_of_mythology:kobold_spear":4,"create:wrench":1,"minecraft:enchanted_book":1,"minecraft:stone_brick_stairs":9,"minecraft:brewing_stand":3,"minecraft:string":6,"minecraft:soul_soil":3,"minecraft:raw_copper":58,"betternether:cincinnasite_wall":4,"minecraft:smooth_stone_slab":1,"minecraft:iron_leggings":1,"minecraft:experience_bottle":2,"minecraft:zombie_head":1,"minecraft:oak_sign":1,"minecraft:beetroot":4,"create:water_wheel":8,"minecraft:diamond_leggings":2,"minecraft:red_sand":1,"create:mechanical_press":7,"minecraft:cobbled_deepslate":154,"minecraft:rose_bush":1,"minecraft:iron_pickaxe":1,"minecraft:melon_slice":67,"minecraft:coal_block":3,"minecraft:furnace":21,"betternether:quartz_glass_framed_pane":1,"minecraft:iron_boots":1,"mobs_of_mythology:chupacabra_meat":1,"minecraft:stick":49,"create:mechanical_mixer":7,"minecraft:composter":1,"minecraft:oak_fence":2,"minecraft:torch":7,"create:andesite_casing":12,"betternether:bone_wall":1,"minecraft:spruce_stairs":6,"minecraft:diorite":30,"minecraft:brown_carpet":7,"create:large_cogwheel":12,"minecraft:rotten_flesh":11,"create:copper_casing":11,"minecraft:iron_block":1,"betternether:feather_fern":1,"minecraft:obsidian":2,"minecraft:iron_bars":4,"create:speedometer":6,"minecraft:cobblestone":338,"minecraft:leather_chestplate":1,"betternether:glowstone_pile":1,"create:fluid_tank":16,"minecraft:andesite":42,"minecraft:jungle_log":45,"minecraft:smoker":2,"minecraft:potato":50,"minecraft:flint":60,"minecraft:tuff":18,"create:raw_zinc":25,"minecraft:map":1,"minecraft:lapis_lazuli":112,"minecraft:dirt":349,"minecraft:lantern":35,"minecraft:polished_granite":14,"minecraft:leather_boots":1,"minecraft:bone":11,"minecraft:bow":1,"minecraft:wheat_seeds":221,"minecraft:cobbled_deepslate_slab":1,"minecraft:bell":1,"minecraft:grindstone":4,"create:shaft":31,"minecraft:fletching_table":3,"minecraft:rabbit":2,"minecraft:moss_block":1,"minecraft:oak_planks":41,"create:cogwheel":7,"minecraft:oak_pressure_plate":2,"minecraft:sand":19,"minecraft:jungle_planks":3,"minecraft:yellow_carpet":2,"minecraft:diamond":1,"minecraft:granite":33,"minecraft:emerald":68,"minecraft:bread":33,"minecraft:oak_sapling":50,"minecraft:netherrack":21,"create:stressometer":1,"minecraft:oak_leaves":75,"minecraft:diamond_pickaxe":1,"minecraft:charcoal":18,"minecraft:coarse_dirt":1,"minecraft:crafting_table":12,"minecraft:ladder":4,"minecraft:clay_ball":12,"minecraft:brown_mushroom":1,"create:rotation_speed_controller":2,"minecraft:stone_brick_wall":29,"minecraft:jungle_trapdoor":2,"minecraft:oak_trapdoor":7,"create:fluid_pipe":3,"minecraft:iron_axe":4,"minecraft:item_frame":15,"betternether:nether_ruby_leggings":1,"minecraft:blackstone":8,"minecraft:beef":5,"create:basin":2,"minecraft:jungle_sapling":9,"minecraft:iron_nugget":128,"minecraft:poppy":3,"minecraft:lectern":70,"minecraft:chest":3,"minecraft:spruce_trapdoor":6,"create:polished_rose_quartz":5,"minecraft:raw_iron":23,"betternether:nether_brick_wall":2,"minecraft:oak_door":4,"minecraft:copper_ingot":72,"betternether:willow_log":9,"minecraft:stone_button":18,"create:hand_crank":3,"minecraft:carrot":85,"minecraft:redstone":73,"create:brass_casing":6,"create:steam_engine":3,"minecraft:stone_pressure_plate":2,"create:zinc_ingot":89,"create:vertical_gearbox":4,"minecraft:arrow":10,"minecraft:diamond_chestplate":2,"minecraft:beetroot_seeds":10,"minecraft:pumpkin_pie":2,"minecraft:diamond_boots":1,"minecraft:hay_block":140,"create:depot":5,"minecraft:gold_ingot":9,"betternether:chest_of_drawers":1,"minecraft:mutton":4,"minecraft:white_wool":5,"minecraft:stripped_oak_log":3,"create:iron_sheet":4,"minecraft:basalt":9,"minecraft:leather":4,"betternether:wall_mushroom_brown":1,"minecraft:filled_map":1,"minecraft:oak_log":406,"minecraft:cobblestone_stairs":26,"create:blaze_burner":4,"betternether:cincinnasite_pedestal":4,"minecraft:white_banner":3,"minecraft:apple":9,"minecraft:stone_bricks":64,"minecraft:kelp":33,"betternether:nether_mushroom_fence":1,"minecraft:iron_ingot":119,"betternether:willow_torch":6,"minecraft:iron_sword":2,"minecraft:soul_sand":12,"minecraft:book":178,"minecraft:scaffolding":7,"minecraft:oak_slab":19,"minecraft:smooth_basalt":5,"create:large_water_wheel":16,"betternether:black_bush":1,"minecraft:stone_brick_slab":7,"minecraft:quartz":27,"minecraft:dandelion":5,"minecraft:gravel":237,"minecraft:amethyst_shard":1,"minecraft:blast_furnace":4,"minecraft:white_bed":14,"minecraft:spider_eye":1,"betternether:nether_mushroom_stem":1,"create:electron_tube":1,"create:creative_motor":3,"minecraft:diamond_shovel":1,"minecraft:slime_ball":1,"betternether:cincinnasite_forge":2,"minecraft:chainmail_leggings":2,"create:mechanical_pump":2,"create:encased_fan":1,"minecraft:iron_helmet":2,"minecraft:diamond_axe":1,"minecraft:black_wool":1,"minecraft:coal":92},"minecraft:dropped":{"create:steam_engine":1,"minecraft:iron_sword":1,"minecraft:moss_block":1,"minecraft:diamond_axe":1,"minecraft:oak_pressure_plate":1,"minecraft:jungle_fence":1,"create:cogwheel":1,"minecraft:jungle_planks":2,"create:large_water_wheel":1,"minecraft:item_frame":2,"minecraft:cobblestone_stairs":1,"minecraft:emerald":35,"minecraft:dirt":58,"create:brass_sheet":5,"minecraft:stone_button":18,"minecraft:jungle_sapling":12,"minecraft:iron_pickaxe":1,"minecraft:white_wool":2,"minecraft:bone":7,"minecraft:oak_door":4,"minecraft:gravel":209,"minecraft:cobbled_deepslate":3,"minecraft:rotten_flesh":9,"minecraft:grindstone":1,"minecraft:oak_planks":18,"minecraft:jungle_trapdoor":2,"minecraft:leather_chestplate":1,"minecraft:charcoal":16,"minecraft:jungle_log":1,"create:wrench":1,"minecraft:stone_brick_wall":17,"minecraft:ladder":4,"minecraft:iron_bars":4,"minecraft:arrow":11,"minecraft:scaffolding":7,"minecraft:oak_leaves":10,"minecraft:water_bucket":2,"minecraft:stone_hoe":1,"minecraft:enchanted_book":1,"minecraft:iron_ingot":48,"minecraft:bread":89,"create:rose_quartz":5,"minecraft:oak_slab":8,"minecraft:wheat_seeds":62,"minecraft:diamond_leggings":4,"minecraft:oak_fence":2,"minecraft:iron_helmet":2,"minecraft:cobblestone":73,"minecraft:book":114,"minecraft:granite":3,"mobs_of_mythology:kobold_spear":2,"minecraft:copper_ingot":72,"minecraft:yellow_carpet":1,"minecraft:diorite":1,"minecraft:torch":5,"minecraft:rose_bush":1,"minecraft:zombie_head":1,"minecraft:iron_leggings":2,"minecraft:white_banner":2,"minecraft:iron_axe":5,"minecraft:string":2,"create:sand_paper":2,"minecraft:dandelion":3,"create:shaft":5,"minecraft:stone_sword":1,"minecraft:iron_boots":2,"minecraft:cobbled_deepslate_slab":5,"minecraft:oak_sign":1,"minecraft:diamond_chestplate":3,"minecraft:spruce_trapdoor":6,"create:zinc_ingot":123,"minecraft:iron_chestplate":2,"minecraft:andesite":26,"minecraft:oak_sapling":2,"minecraft:spider_eye":1,"minecraft:stone_bricks":3,"minecraft:brown_carpet":1,"minecraft:diamond_boots":1,"minecraft:wooden_pickaxe":2,"minecraft:stone_pickaxe":1,"create:electron_tube":1,"minecraft:black_wool":1},"minecraft:custom":{"minecraft:interact_with_crafting_table":168,"minecraft:open_barrel":4,"minecraft:eat_cake_slice":5,"minecraft:leave_game":7,"minecraft:time_since_death":611883,"minecraft:sprint_one_cm":641277,"minecraft:drop":185,"minecraft:talked_to_villager":160,"minecraft:play_time":611883,"minecraft:jump":4327,"minecraft:interact_with_brewingstand":2,"minecraft:walk_on_water_one_cm":42477,"minecraft:interact_with_furnace":103,"minecraft:traded_with_villager":12,"minecraft:interact_with_loom":3,"minecraft:sleep_in_bed":4,"minecraft:damage_dealt":6629,"minecraft:crouch_one_cm":44689,"minecraft:interact_with_smoker":2,"minecraft:interact_with_smithing_table":5,"minecraft:interact_with_anvil":6,"minecraft:mob_kills":27,"minecraft:damage_dealt_resisted":186,"minecraft:climb_one_cm":2097,"minecraft:walk_one_cm":1888712,"minecraft:damage_dealt_absorbed":122,"minecraft:sneak_time":18634,"minecraft:walk_under_water_one_cm":28567,"minecraft:interact_with_blast_furnace":43,"minecraft:total_world_time":611883,"minecraft:interact_with_grindstone":1,"minecraft:interact_with_stonecutter":1,"minecraft:time_since_rest":451014,"minecraft:damage_taken":1886,"minecraft:swim_one_cm":13960,"minecraft:fly_one_cm":782419,"minecraft:open_chest":573,"minecraft:fall_one_cm":83779},"minecraft:broken":{"minecraft:stone_pickaxe":1,"minecraft:stone_axe":1,"minecraft:iron_axe":2,"minecraft:leather_boots":1,"minecraft:iron_pickaxe":1},"minecraft:killed":{"minecraft:spider":2,"minecraft:skeleton":3,"minecraft:iron_golem":3,"minecraft:creeper":1,"minecraft:zombie":7,"minecraft:cow":2,"minecraft:drowned":1,"minecraft:husk":1,"mobs_of_mythology:kobold_warrior":5}},"DataVersion":3465}