{"stats":{"minecraft:killed_by":{"minecraft:skeleton":1},"minecraft:custom":{"minecraft:jump":96,"minecraft:time_since_rest":4010,"minecraft:leave_game":1,"minecraft:deaths":1,"minecraft:walk_on_water_one_cm":5922,"minecraft:sprint_one_cm":5777,"minecraft:play_time":7214,"minecraft:damage_taken":253,"minecraft:time_since_death":3970,"minecraft:walk_one_cm":2944,"minecraft:sneak_time":149,"minecraft:total_world_time":7214,"minecraft:walk_under_water_one_cm":1205,"minecraft:swim_one_cm":1389,"minecraft:fall_one_cm":5186,"minecraft:fly_one_cm":184755}},"DataVersion":3465}