{"stats":{"minecraft:crafted":{"minecraft:grindstone":1,"minecraft:smooth_stone":6,"minecraft:oak_planks":48,"minecraft:chainmail_helmet":12,"minecraft:stone":21,"minecraft:bone_meal":3,"create:schematic_table":1,"minecraft:bookshelf":32,"create:deployer":1,"minecraft:oak_trapdoor":2,"minecraft:diamond_helmet":1,"minecraft:diamond_leggings":3,"minecraft:iron_boots":1,"minecraft:iron_axe":12,"create:empty_schematic":1,"minecraft:stone_pickaxe":12,"minecraft:diamond_boots":1,"minecraft:rail":16,"create:basin":1,"create:cogwheel":3,"minecraft:chainmail_leggings":10,"create:brass_hand":1,"minecraft:minecart":1,"minecraft:oak_slab":6,"create:andesite_alloy":13,"minecraft:diamond_sword":1,"minecraft:emerald":449,"minecraft:diamond_axe":9,"minecraft:crafting_table":1,"minecraft:iron_helmet":10,"minecraft:wooden_pickaxe":1,"minecraft:bell":48,"create:zinc_nugget":126,"minecraft:bucket":1,"minecraft:enchanted_book":17,"create:mechanical_mixer":1,"minecraft:air":0,"minecraft:jungle_planks":220,"minecraft:blue_dye":1,"create:whisk":1,"minecraft:diamond_pickaxe":1,"minecraft:white_dye":1,"minecraft:stick":444,"minecraft:stone_slab":6,"minecraft:light_blue_dye":2,"minecraft:iron_ingot":48,"minecraft:chainmail_boots":3,"minecraft:iron_pickaxe":9,"minecraft:wooden_axe":1,"minecraft:iron_block":3,"create:large_cogwheel":4,"minecraft:anvil":1,"minecraft:light_gray_dye":1,"create:shaft":8,"create:zinc_ingot":9,"minecraft:diamond_chestplate":1},"minecraft:used":{"minecraft:oak_trapdoor":4,"create:deployer":6,"create:schematic_table":1,"create:item_vault":4,"minecraft:poppy":3,"minecraft:stone_hoe":11,"minecraft:netherrack":11,"create:fluid_tank":75,"minecraft:anvil":1,"minecraft:dirt":17,"create:mechanical_mixer":1,"create:cogwheel":2,"minecraft:carrot":12,"create:speedometer":1,"minecraft:wooden_axe":21,"minecraft:bookshelf":6,"minecraft:grass_block":4,"create:wrench":43,"minecraft:iron_axe":67,"create:creative_motor":7,"create:andesite_funnel":2,"create:shaft":3,"create:industrial_iron_block":3,"minecraft:stone_pressure_plate":1,"minecraft:cobbled_deepslate":2,"minecraft:water_bucket":21,"minecraft:oak_planks":10,"minecraft:wooden_pickaxe":2,"minecraft:diamond_axe":142,"create:blaze_burner":5,"minecraft:white_wool":3,"minecraft:oak_slab":6,"minecraft:crafting_table":1,"minecraft:blast_furnace":1,"minecraft:oak_log":1,"minecraft:diamond_pickaxe":214,"minecraft:black_wool":1,"minecraft:bread":27,"create:water_wheel":1,"minecraft:lectern":142,"minecraft:oak_pressure_plate":1,"create:large_water_wheel":1,"minecraft:diamond_sword":13,"create:basin":1,"minecraft:cobblestone":2,"minecraft:grindstone":1,"minecraft:smithing_table":2,"minecraft:bucket":9,"minecraft:pumpkin_pie":2,"create:vertical_gearbox":2,"minecraft:dandelion":1},"minecraft:mined":{"create:zinc_ore":13,"minecraft:stone_pressure_plate":1,"minecraft:jungle_leaves":1,"minecraft:grass_block":5,"create:large_cogwheel":1,"minecraft:jungle_log":55,"minecraft:oak_pressure_plate":1,"create:rotation_speed_controller":1,"minecraft:oxeye_daisy":1,"create:shaft":4,"create:speedometer":1,"minecraft:iron_ore":48,"minecraft:cobbled_deepslate":3,"minecraft:andesite":1,"minecraft:azure_bluet":1,"minecraft:oak_sign":3,"minecraft:bookshelf":6,"minecraft:flowering_azalea_leaves":1,"minecraft:vine":7,"create:deployer":4,"minecraft:azalea_leaves":1,"minecraft:stone":102,"create:mechanical_press":1,"minecraft:smithing_table":2,"minecraft:oak_slab":5,"create:cogwheel":1,"minecraft:cornflower":1,"minecraft:crafting_table":1,"create:creative_motor":7,"minecraft:blast_furnace":1,"minecraft:poppy":3,"create:framed_glass":1,"create:water_wheel":1,"minecraft:lectern":127,"create:brass_casing":1,"minecraft:oak_planks":2,"minecraft:diorite":6,"create:water_wheel_structure":1,"create:gearbox":1,"minecraft:grass":1,"minecraft:oak_log":6,"minecraft:coal_ore":21,"minecraft:dirt":15,"minecraft:oak_leaves":1},"minecraft:picked_up":{"minecraft:wooden_axe":1,"minecraft:crafting_table":1,"minecraft:wheat":37,"minecraft:azure_bluet":1,"minecraft:smithing_table":2,"minecraft:wooden_pickaxe":1,"create:rotation_speed_controller":1,"minecraft:cornflower":1,"minecraft:iron_axe":1,"minecraft:item_frame":3,"minecraft:oak_sign":4,"create:sand_paper":1,"create:water_wheel":2,"minecraft:diamond_leggings":1,"create:mechanical_press":1,"minecraft:cobbled_deepslate":3,"minecraft:bucket":1,"minecraft:jungle_sapling":1,"minecraft:poppy":4,"minecraft:lectern":127,"minecraft:tipped_arrow":1,"mobs_of_mythology:chupacabra_meat":2,"minecraft:raw_iron":48,"create:golden_sheet":1,"sophisticatedbackpacks:backpack":2,"create:hand_crank":1,"minecraft:cookie":2,"minecraft:diorite":6,"minecraft:carrot":13,"create:brass_casing":1,"minecraft:stone_pressure_plate":1,"create:zinc_ingot":10,"create:vertical_gearbox":1,"create:deployer":4,"create:large_cogwheel":1,"minecraft:diamond_chestplate":2,"minecraft:rotten_flesh":2,"minecraft:stone_shovel":1,"minecraft:arrow":5,"minecraft:pumpkin_pie":4,"minecraft:mutton":11,"minecraft:white_wool":12,"create:speedometer":1,"minecraft:cobblestone":112,"minecraft:oxeye_daisy":1,"create:brass_sheet":6,"minecraft:andesite":26,"minecraft:jungle_log":55,"minecraft:potato":3,"minecraft:oak_log":6,"create:raw_zinc":9,"minecraft:dirt":21,"minecraft:wheat_seeds":4,"minecraft:iron_ingot":35,"create:shaft":8,"minecraft:stone_hoe":1,"minecraft:oak_planks":7,"minecraft:book":21,"minecraft:oak_slab":6,"create:large_water_wheel":2,"create:cogwheel":2,"minecraft:gravel":704,"minecraft:dandelion":1,"minecraft:oak_pressure_plate":1,"minecraft:blast_furnace":1,"create:creative_motor":7,"minecraft:chainmail_leggings":1,"minecraft:emerald":5,"minecraft:bread":65,"minecraft:black_wool":1,"minecraft:coal":21},"minecraft:dropped":{"minecraft:enchanted_book":1,"minecraft:iron_ingot":32,"minecraft:bread":39,"minecraft:wheat_seeds":4,"minecraft:diamond_axe":6,"minecraft:diamond_leggings":3,"minecraft:cookie":2,"minecraft:iron_helmet":10,"minecraft:cobblestone":36,"mobs_of_mythology:chupacabra_meat":2,"minecraft:chainmail_helmet":12,"minecraft:stick":9,"minecraft:item_frame":3,"minecraft:dirt":1,"minecraft:wooden_axe":1,"minecraft:iron_axe":13,"minecraft:iron_pickaxe":9,"minecraft:smooth_stone":4,"minecraft:chainmail_leggings":11,"minecraft:stone_shovel":1,"minecraft:rotten_flesh":1,"minecraft:iron_boots":1,"minecraft:stone_slab":5,"create:rotation_speed_controller":1,"minecraft:carrot":1,"minecraft:tipped_arrow":1,"minecraft:diamond_chestplate":2,"create:zinc_ingot":6,"create:wrench":1,"minecraft:chainmail_boots":3,"create:brass_ingot":2,"create:brass_casing":1,"minecraft:arrow":5,"minecraft:wooden_pickaxe":1,"minecraft:stone_pickaxe":12,"create:golden_sheet":3},"minecraft:custom":{"minecraft:mob_kills":15,"minecraft:interact_with_anvil":6,"minecraft:interact_with_crafting_table":35,"minecraft:damage_dealt_resisted":51,"minecraft:leave_game":6,"minecraft:time_since_death":176934,"minecraft:climb_one_cm":2050,"minecraft:sprint_one_cm":420106,"minecraft:walk_one_cm":315016,"minecraft:drop":155,"minecraft:talked_to_villager":293,"minecraft:play_time":204424,"minecraft:deaths":1,"minecraft:sneak_time":4341,"minecraft:walk_under_water_one_cm":1860,"minecraft:jump":2461,"minecraft:interact_with_blast_furnace":4,"minecraft:walk_on_water_one_cm":15450,"minecraft:total_world_time":204424,"minecraft:interact_with_furnace":42,"minecraft:traded_with_villager":631,"minecraft:interact_with_grindstone":3,"minecraft:time_since_rest":176983,"minecraft:damage_taken":1161,"minecraft:damage_dealt":2190,"minecraft:swim_one_cm":9148,"minecraft:fly_one_cm":559084,"minecraft:open_chest":123,"minecraft:crouch_one_cm":15011,"minecraft:fall_one_cm":65040,"minecraft:inspect_dispenser":1},"minecraft:killed_by":{"minecraft:iron_golem":1},"minecraft:killed":{"minecraft:spider":1,"mobs_of_mythology:kobold":1,"minecraft:sheep":7,"minecraft:zombie":5,"mobs_of_mythology:kobold_warrior":1}},"DataVersion":3465}