{"stats":{"minecraft:mined":{"create:zinc_ore":13,"minecraft:stone_pressure_plate":1,"minecraft:jungle_leaves":1,"minecraft:grass_block":2,"create:large_cogwheel":1,"minecraft:jungle_log":55,"minecraft:oak_pressure_plate":1,"create:shaft":1,"create:speedometer":1,"minecraft:iron_ore":48,"minecraft:cobbled_deepslate":3,"minecraft:andesite":1,"minecraft:bookshelf":6,"minecraft:flowering_azalea_leaves":1,"minecraft:vine":7,"minecraft:azalea_leaves":1,"minecraft:stone":102,"minecraft:smithing_table":2,"minecraft:oak_slab":5,"minecraft:crafting_table":1,"minecraft:blast_furnace":1,"minecraft:poppy":3,"minecraft:lectern":73,"minecraft:oak_planks":2,"minecraft:diorite":6,"create:water_wheel_structure":1,"create:gearbox":1,"minecraft:coal_ore":21,"minecraft:oak_log":6,"minecraft:dirt":13,"minecraft:oak_leaves":1},"minecraft:custom":{"minecraft:interact_with_anvil":4,"minecraft:mob_kills":12,"minecraft:interact_with_crafting_table":21,"minecraft:damage_dealt_resisted":51,"minecraft:leave_game":6,"minecraft:time_since_death":113664,"minecraft:climb_one_cm":1011,"minecraft:sprint_one_cm":340877,"minecraft:walk_one_cm":201592,"minecraft:drop":140,"minecraft:talked_to_villager":214,"minecraft:play_time":141154,"minecraft:sneak_time":2928,"minecraft:deaths":1,"minecraft:walk_under_water_one_cm":1307,"minecraft:jump":2003,"minecraft:interact_with_blast_furnace":2,"minecraft:walk_on_water_one_cm":13320,"minecraft:total_world_time":141154,"minecraft:interact_with_furnace":35,"minecraft:traded_with_villager":606,"minecraft:interact_with_grindstone":3,"minecraft:time_since_rest":113713,"minecraft:damage_taken":1063,"minecraft:damage_dealt":1588,"minecraft:swim_one_cm":9148,"minecraft:fly_one_cm":439921,"minecraft:open_chest":72,"minecraft:crouch_one_cm":12581,"minecraft:fall_one_cm":57922,"minecraft:inspect_dispenser":1},"minecraft:used":{"minecraft:oak_trapdoor":2,"minecraft:poppy":3,"minecraft:stone_hoe":11,"minecraft:dirt":12,"minecraft:anvil":1,"create:mechanical_mixer":1,"create:cogwheel":2,"minecraft:carrot":12,"create:speedometer":1,"minecraft:wooden_axe":21,"minecraft:bookshelf":6,"minecraft:iron_axe":67,"create:shaft":2,"minecraft:stone_pressure_plate":1,"minecraft:cobbled_deepslate":2,"minecraft:water_bucket":8,"minecraft:oak_planks":10,"minecraft:wooden_pickaxe":2,"minecraft:diamond_axe":87,"create:blaze_burner":5,"minecraft:white_wool":3,"minecraft:crafting_table":1,"minecraft:oak_slab":6,"minecraft:blast_furnace":1,"minecraft:diamond_pickaxe":195,"minecraft:black_wool":1,"minecraft:bread":19,"minecraft:lectern":88,"create:water_wheel":1,"minecraft:oak_pressure_plate":1,"create:large_water_wheel":1,"minecraft:diamond_sword":2,"create:basin":1,"minecraft:cobblestone":2,"minecraft:grindstone":1,"minecraft:smithing_table":2,"minecraft:bucket":9,"minecraft:pumpkin_pie":2,"create:vertical_gearbox":2,"minecraft:dandelion":1},"minecraft:killed":{"minecraft:spider":1,"mobs_of_mythology:kobold":1,"minecraft:sheep":7,"minecraft:zombie":2,"mobs_of_mythology:kobold_warrior":1},"minecraft:crafted":{"minecraft:grindstone":1,"minecraft:oak_planks":28,"minecraft:chainmail_helmet":12,"minecraft:stone":21,"minecraft:bookshelf":8,"minecraft:oak_trapdoor":2,"minecraft:diamond_helmet":1,"minecraft:diamond_leggings":3,"minecraft:iron_boots":1,"minecraft:iron_axe":12,"minecraft:stone_pickaxe":12,"minecraft:diamond_boots":1,"minecraft:rail":16,"create:basin":1,"minecraft:chainmail_leggings":10,"minecraft:minecart":1,"create:andesite_alloy":13,"minecraft:diamond_sword":1,"minecraft:emerald":449,"minecraft:diamond_axe":9,"minecraft:crafting_table":1,"minecraft:wooden_pickaxe":1,"minecraft:iron_helmet":10,"minecraft:bell":48,"create:zinc_nugget":126,"minecraft:bucket":1,"minecraft:enchanted_book":16,"create:mechanical_mixer":1,"minecraft:air":0,"minecraft:jungle_planks":220,"create:whisk":1,"minecraft:diamond_pickaxe":1,"minecraft:stick":444,"minecraft:stone_slab":6,"minecraft:iron_ingot":48,"minecraft:chainmail_boots":3,"minecraft:iron_pickaxe":9,"minecraft:wooden_axe":1,"minecraft:iron_block":3,"minecraft:anvil":1,"create:zinc_ingot":9,"minecraft:diamond_chestplate":1},"minecraft:dropped":{"minecraft:enchanted_book":1,"minecraft:iron_ingot":32,"minecraft:bread":39,"minecraft:wheat_seeds":4,"minecraft:diamond_axe":5,"minecraft:diamond_leggings":3,"minecraft:iron_helmet":10,"minecraft:cookie":2,"minecraft:cobblestone":36,"mobs_of_mythology:chupacabra_meat":2,"minecraft:chainmail_helmet":12,"minecraft:item_frame":3,"minecraft:stick":9,"minecraft:dirt":1,"minecraft:wooden_axe":1,"minecraft:iron_axe":13,"minecraft:iron_pickaxe":9,"minecraft:chainmail_leggings":11,"minecraft:stone_shovel":1,"minecraft:rotten_flesh":1,"minecraft:iron_boots":1,"minecraft:stone_slab":5,"minecraft:carrot":1,"minecraft:tipped_arrow":1,"minecraft:chainmail_boots":3,"minecraft:arrow":1,"minecraft:stone_pickaxe":12,"minecraft:wooden_pickaxe":1},"minecraft:picked_up":{"minecraft:wooden_axe":1,"minecraft:crafting_table":1,"minecraft:wheat":37,"minecraft:smithing_table":2,"minecraft:wooden_pickaxe":1,"minecraft:iron_axe":1,"minecraft:item_frame":3,"create:water_wheel":1,"minecraft:diamond_leggings":1,"minecraft:cobbled_deepslate":3,"minecraft:bucket":1,"minecraft:jungle_sapling":1,"minecraft:poppy":4,"minecraft:lectern":73,"minecraft:tipped_arrow":1,"mobs_of_mythology:chupacabra_meat":2,"minecraft:raw_iron":48,"sophisticatedbackpacks:backpack":2,"minecraft:cookie":2,"minecraft:diorite":6,"minecraft:carrot":13,"minecraft:stone_pressure_plate":1,"create:zinc_ingot":10,"create:vertical_gearbox":1,"create:large_cogwheel":1,"minecraft:rotten_flesh":1,"minecraft:arrow":2,"minecraft:stone_shovel":1,"minecraft:pumpkin_pie":4,"minecraft:mutton":11,"minecraft:white_wool":12,"create:speedometer":1,"minecraft:cobblestone":102,"minecraft:andesite":26,"minecraft:jungle_log":55,"minecraft:potato":3,"create:raw_zinc":9,"minecraft:oak_log":6,"minecraft:dirt":15,"minecraft:wheat_seeds":4,"minecraft:iron_ingot":35,"create:shaft":6,"minecraft:stone_hoe":1,"minecraft:oak_planks":7,"minecraft:book":21,"minecraft:oak_slab":6,"create:large_water_wheel":2,"create:cogwheel":1,"minecraft:dandelion":1,"minecraft:oak_pressure_plate":1,"minecraft:blast_furnace":1,"minecraft:chainmail_leggings":1,"minecraft:bread":3,"minecraft:emerald":5,"minecraft:black_wool":1,"minecraft:coal":21},"minecraft:killed_by":{"minecraft:iron_golem":1}},"DataVersion":3465}