{"stats":{"minecraft:mined":{"betternether:netherrack_furnace":3,"create:deepslate_zinc_ore":2,"betternether:cincinnasite_pedestal":1,"minecraft:white_bed":29,"minecraft:jungle_leaves":16,"minecraft:brewing_stand":3,"minecraft:obsidian":7,"minecraft:granite":21,"minecraft:grass_block":3,"minecraft:stone_brick_wall":3,"minecraft:jungle_log":348,"betternether:nether_brick_wall":3,"minecraft:soul_soil":12,"minecraft:coal_block":3,"betternether:nether_reed_roof_stairs":6,"minecraft:composter":1,"minecraft:spawner":1,"betternether:orange_mushroom":14,"minecraft:iron_ore":63,"minecraft:cobbled_deepslate":3,"minecraft:fire":9,"betternether:wart_bark":11,"minecraft:deepslate_lapis_ore":4,"betternether:nether_reed_roof":23,"minecraft:oak_stairs":1,"create:veridium":4,"betternether:black_vine":2,"create:limestone":1,"betternether:red_large_mushroom":1,"minecraft:deepslate_redstone_ore":4,"betternether:wart_roof":2,"minecraft:blackstone":11,"minecraft:smoker":1,"minecraft:amethyst_cluster":2,"betternether:cincinnasite_pot":1,"minecraft:torch":4,"create:scoria":15,"betternether:cincinnasite_forged":7,"minecraft:nether_quartz_ore":4,"minecraft:cobblestone":17,"minecraft:sugar_cane":4,"minecraft:wall_torch":1,"minecraft:cauldron":1,"betternether:wart_roof_slab":3,"betternether:swampland_grass":16,"minecraft:grass":38,"minecraft:oak_log":244,"minecraft:loom":1,"minecraft:sand":6,"minecraft:dirt":13,"betternether:willow_planks":19,"minecraft:smooth_basalt":44,"minecraft:stonecutter":1,"minecraft:netherrack":10,"create:crimsite":14,"minecraft:oak_leaves":96,"minecraft:deepslate":148,"create:zinc_ore":9,"betternether:cincinnasite_forge":2,"minecraft:tuff":47,"minecraft:deepslate_diamond_ore":14,"minecraft:glow_lichen":1,"betternether:nether_brick_tile_small":2,"minecraft:nether_bricks":2,"minecraft:jungle_planks":6,"minecraft:red_mushroom":1,"minecraft:furnace":6,"minecraft:jungle_sapling":2,"minecraft:andesite":15,"betternether:wall_mushroom_brown":10,"betternether:quartz_glass_framed_pane":3,"betternether:pig_statue_respawner":1,"minecraft:bell":6,"minecraft:nether_brick_fence":3,"betternether:wall_moss":1,"minecraft:deepslate_iron_ore":20,"minecraft:vine":30,"betternether:nether_brick_tile_large":2,"minecraft:stone":165,"minecraft:white_wool":1,"betternether:nether_brick_tile_stairs":2,"betternether:nether_brick_tile_slab":2,"minecraft:acacia_leaves":1,"minecraft:soul_sand":13,"minecraft:basalt":97,"minecraft:stone_brick_slab":1,"minecraft:oak_fence":1,"minecraft:crafting_table":12,"betternether:bone_wall":2,"minecraft:lectern":299,"minecraft:copper_ore":9,"minecraft:deepslate_gold_ore":13,"minecraft:lapis_ore":10,"minecraft:diorite":23,"minecraft:spruce_stairs":1,"betternether:blooming_vine":11,"betternether:wall_mushroom_red":3,"minecraft:coal_ore":37,"minecraft:gravel":1,"betternether:swamp_grass":1,"minecraft:stone_bricks":89,"minecraft:gold_ore":3,"minecraft:fern":2},"minecraft:custom":{"minecraft:interact_with_crafting_table":78,"minecraft:open_barrel":2,"minecraft:bell_ring":80,"minecraft:eat_cake_slice":2,"minecraft:leave_game":6,"minecraft:time_since_death":436695,"minecraft:sprint_one_cm":549984,"minecraft:damage_blocked_by_shield":4809,"minecraft:drop":157,"minecraft:talked_to_villager":764,"minecraft:play_time":451076,"minecraft:deaths":1,"minecraft:jump":4027,"minecraft:walk_on_water_one_cm":14103,"minecraft:interact_with_furnace":111,"minecraft:traded_with_villager":211,"minecraft:sleep_in_bed":4,"minecraft:damage_dealt":15995,"minecraft:crouch_one_cm":74138,"minecraft:interact_with_smoker":23,"minecraft:interact_with_smithing_table":10,"minecraft:interact_with_anvil":9,"minecraft:mob_kills":109,"minecraft:climb_one_cm":7989,"minecraft:walk_one_cm":1205958,"minecraft:sneak_time":28160,"minecraft:walk_under_water_one_cm":5911,"minecraft:interact_with_blast_furnace":9,"minecraft:total_world_time":451076,"minecraft:interact_with_grindstone":1,"minecraft:time_since_rest":351194,"minecraft:damage_taken":4400,"minecraft:swim_one_cm":8144,"minecraft:fly_one_cm":599069,"minecraft:open_chest":201,"minecraft:fall_one_cm":77960},"minecraft:used":{"betternether:nether_brick_tile_stairs":1,"minecraft:oak_sign":1,"minecraft:shield":57,"minecraft:bell":6,"betternether:nether_brick_tile_small":2,"minecraft:nether_bricks":2,"minecraft:jungle_planks":14,"betternether:nether_brick_tile_slab":2,"minecraft:tuff":18,"minecraft:obsidian":3,"minecraft:jungle_sapling":23,"mobs_of_mythology:kobold_spear":279,"minecraft:lava_bucket":6,"betternether:willow_planks":2,"minecraft:stone_bricks":70,"minecraft:item_frame":1,"minecraft:bow":1,"minecraft:oak_sapling":16,"minecraft:furnace":9,"minecraft:egg":5,"betternether:cincinnasite_pedestal":1,"minecraft:diorite":8,"minecraft:oak_planks":16,"minecraft:stone_pickaxe":65,"minecraft:wooden_pickaxe":24,"minecraft:composter":1,"minecraft:diamond_axe":894,"betternether:willow_boat":1,"minecraft:netherite_leggings":1,"minecraft:shears":34,"betternether:pig_statue_respawner":1,"minecraft:bread":36,"minecraft:lectern":299,"minecraft:gravel":1,"betternether:cincinnasite_forged":7,"betternether:wart_bark":11,"betternether:willow_crafting_table":1,"minecraft:smithing_table":1,"betternether:weeping_obsidian":3,"minecraft:andesite":2,"minecraft:bone_meal":9,"minecraft:experience_bottle":1,"betternether:blue_weeping_obsidian":3,"minecraft:oak_fence":1,"minecraft:iron_bars":4,"minecraft:flint_and_steel":1,"create:veridium":4,"minecraft:netherrack":2,"minecraft:torch":13,"minecraft:brewing_stand":3,"minecraft:dirt":6,"mobs_of_mythology:cooked_chupacabra_meat":1,"minecraft:spruce_stairs":1,"minecraft:jungle_trapdoor":1,"minecraft:granite":7,"minecraft:stone_brick_slab":1,"minecraft:wooden_axe":56,"minecraft:iron_axe":233,"minecraft:jungle_log":6,"betternether:netherrack_furnace":2,"minecraft:smooth_basalt":29,"minecraft:basalt":69,"minecraft:beef":6,"minecraft:cooked_beef":6,"minecraft:cobbled_deepslate":114,"minecraft:cooked_mutton":2,"minecraft:water_bucket":20,"minecraft:netherite_chestplate":1,"betternether:blue_obsidian":12,"minecraft:crafting_table":14,"minecraft:white_bed":15,"minecraft:smoker":1,"minecraft:oak_log":12,"minecraft:diamond_pickaxe":248,"minecraft:apple":2,"betternether:nether_reed_roof_stairs":3,"minecraft:iron_pickaxe":720,"minecraft:map":1,"betternether:cincinnasite_forge":2,"minecraft:cobblestone":91,"minecraft:cooked_porkchop":23,"minecraft:bucket":26},"minecraft:broken":{"minecraft:iron_pickaxe":2},"minecraft:killed":{"mobs_of_mythology:chupacabra":2,"minecraft:cave_spider":3,"minecraft:spider":4,"minecraft:skeleton":13,"minecraft:magma_cube":27,"minecraft:pig":14,"minecraft:sheep":3,"minecraft:zombie":16,"minecraft:cow":6,"minecraft:phantom":6,"mobs_of_mythology:kobold":4,"mobs_of_mythology:kobold_warrior":4,"minecraft:wither_skeleton":5},"minecraft:crafted":{"minecraft:oak_planks":912,"minecraft:bookshelf":2,"minecraft:cooked_mutton":2,"minecraft:diamond_leggings":1,"minecraft:diamond_helmet":1,"minecraft:iron_boots":1,"minecraft:netherite_upgrade_smithing_template":4,"minecraft:oak_slab":6,"minecraft:emerald":191,"minecraft:arrow":192,"minecraft:cooked_porkchop":24,"betternether:willow_boat":2,"minecraft:diamond_axe":2,"minecraft:crafting_table":3,"minecraft:iron_helmet":1,"minecraft:wooden_pickaxe":1,"minecraft:smithing_table":1,"minecraft:copper_ingot":46,"mobs_of_mythology:cooked_chupacabra_meat":1,"minecraft:lectern":1,"minecraft:iron_chestplate":1,"minecraft:diamond_pickaxe":1,"minecraft:shield":3,"minecraft:stick":5998,"minecraft:iron_ingot":83,"minecraft:iron_pickaxe":3,"minecraft:gold_ingot":16,"minecraft:netherite_ingot":9,"minecraft:shears":1,"minecraft:furnace":3,"minecraft:jungle_trapdoor":2,"minecraft:bone_meal":15,"minecraft:flint_and_steel":1,"minecraft:iron_axe":1,"minecraft:stone_pickaxe":1,"minecraft:diamond_boots":1,"minecraft:cooked_beef":6,"betternether:willow_crafting_table":1,"minecraft:sugar":1,"minecraft:brown_mushroom":1,"minecraft:enchanted_book":7,"minecraft:air":0,"minecraft:jungle_planks":2188,"minecraft:golden_apple":1,"minecraft:wooden_axe":3,"minecraft:iron_leggings":1,"minecraft:torch":8,"minecraft:diamond_chestplate":1},"minecraft:dropped":{"minecraft:soul_sand":12,"betternether:willow_planks":2,"minecraft:orange_dye":10,"minecraft:lapis_lazuli":33,"minecraft:oak_log":28,"minecraft:loom":1,"minecraft:diamond":2,"minecraft:crafting_table":1,"minecraft:cooked_porkchop":1,"create:crimsite":13,"minecraft:rail":1,"minecraft:leather_helmet":2,"minecraft:emerald":3,"minecraft:dirt":4,"betternether:nether_ruby_leggings":2,"minecraft:jungle_sapling":2,"minecraft:amethyst_shard":1,"betternether:agave":1,"minecraft:bone_meal":6,"minecraft:phantom_membrane":1,"minecraft:sand":6,"minecraft:iron_pickaxe":2,"minecraft:white_wool":4,"minecraft:cauldron":1,"minecraft:bone":4,"minecraft:blackstone":11,"minecraft:cobbled_deepslate":83,"betternether:nether_brick_wall":5,"minecraft:obsidian":2,"minecraft:rotten_flesh":7,"minecraft:nether_brick_fence":3,"create:scoria":15,"minecraft:stone_brick_wall":2,"minecraft:leather_boots":1,"create:limestone":1,"minecraft:arrow":3,"minecraft:crying_obsidian":1,"minecraft:quartz":6,"minecraft:oak_leaves":2,"minecraft:netherrack":7,"minecraft:egg":1,"minecraft:iron_ingot":57,"minecraft:bread":8,"minecraft:wheat_seeds":4,"betternether:feather_fern":1,"minecraft:iron_helmet":1,"minecraft:cobblestone":66,"mobs_of_mythology:chupacabra_meat":1,"minecraft:granite":14,"mobs_of_mythology:kobold_spear":2,"minecraft:purple_dye":17,"betternether:nether_brick_tile_large":1,"minecraft:stick":1,"minecraft:diorite":27,"minecraft:wooden_axe":3,"minecraft:map":1,"minecraft:iron_leggings":1,"minecraft:iron_axe":3,"minecraft:string":1,"betternether:cincinnasite_pot":1,"create:raw_zinc":3,"minecraft:smooth_basalt":13,"betternether:quartz_glass_framed_pane":3,"minecraft:soul_soil":9,"minecraft:dark_oak_sign":2,"minecraft:tuff":14,"betternether:blue_weeping_obsidian":1,"minecraft:iron_boots":1,"minecraft:oak_sign":1,"minecraft:potato":1,"minecraft:shield":2,"minecraft:iron_chestplate":1,"minecraft:diamond_pickaxe":1,"minecraft:andesite":11,"betternether:bone_wall":2,"minecraft:oak_sapling":5,"minecraft:spider_eye":1,"minecraft:stone_bricks":13,"minecraft:bow":1,"minecraft:stone_pickaxe":1,"minecraft:wooden_pickaxe":1},"minecraft:picked_up":{"minecraft:wooden_axe":1,"minecraft:nether_brick_fence":3,"minecraft:creeper_head":1,"betternether:pig_statue_respawner":1,"mobs_of_mythology:kobold_spear":8,"minecraft:enchanted_book":1,"minecraft:brewing_stand":3,"betternether:agave":1,"betternether:nether_brick_tile_large":1,"minecraft:string":3,"minecraft:soul_soil":9,"minecraft:raw_copper":31,"create:limestone":1,"minecraft:experience_bottle":1,"betternether:netherrack_furnace":2,"minecraft:oak_sign":2,"betternether:nether_brick_tile_small":2,"minecraft:cobbled_deepslate":133,"minecraft:iron_pickaxe":1,"minecraft:coal_block":5,"betternether:quartz_glass_framed_pane":3,"minecraft:furnace":6,"mobs_of_mythology:chupacabra_meat":2,"minecraft:stick":41,"betternether:cincinnasite_diamond_upgrade_smithing_template":1,"minecraft:composter":1,"minecraft:oak_fence":1,"minecraft:torch":5,"betternether:bone_wall":2,"minecraft:spruce_stairs":1,"betternether:nether_brick_tile_slab":2,"minecraft:porkchop":28,"minecraft:diorite":35,"minecraft:cauldron":1,"minecraft:rotten_flesh":7,"create:scoria":15,"create:veridium":4,"betternether:feather_fern":1,"minecraft:obsidian":5,"minecraft:iron_bars":4,"minecraft:cobblestone":184,"minecraft:andesite":13,"minecraft:jungle_log":340,"minecraft:smoker":1,"minecraft:potato":1,"create:raw_zinc":11,"minecraft:tuff":32,"minecraft:lapis_lazuli":90,"minecraft:dirt":10,"minecraft:bone":9,"minecraft:bow":2,"minecraft:wheat_seeds":5,"minecraft:raw_gold":16,"minecraft:bell":6,"minecraft:dark_oak_sign":2,"minecraft:jungle_planks":5,"minecraft:sand":6,"betternether:wart_bark":11,"minecraft:loom":1,"create:crimsite":13,"minecraft:diamond":15,"minecraft:granite":21,"minecraft:emerald":51,"minecraft:oak_sapling":21,"minecraft:netherrack":24,"minecraft:oak_leaves":2,"betternether:nether_brick_tile_stairs":1,"minecraft:diamond_pickaxe":1,"minecraft:charcoal":2,"minecraft:crafting_table":12,"betternether:nether_reed_roof_stairs":3,"minecraft:stone_brick_wall":2,"betternether:blue_weeping_obsidian":1,"minecraft:shield":1,"minecraft:iron_axe":2,"minecraft:item_frame":1,"minecraft:blackstone":11,"betternether:willow_planks":18,"minecraft:beef":12,"minecraft:jungle_sapling":25,"minecraft:lectern":297,"minecraft:sugar_cane":12,"minecraft:phantom_membrane":1,"minecraft:egg":6,"betternether:nether_brick_wall":5,"minecraft:raw_iron":83,"minecraft:orange_dye":10,"minecraft:redstone":17,"minecraft:arrow":3,"minecraft:nether_bricks":2,"minecraft:mutton":4,"minecraft:rail":1,"minecraft:white_wool":6,"minecraft:purple_dye":17,"minecraft:basalt":69,"minecraft:leather":5,"betternether:wall_mushroom_brown":9,"minecraft:filled_map":1,"betternether:cincinnasite_pot":1,"minecraft:oak_log":271,"minecraft:gunpowder":1,"betternether:cincinnasite_pedestal":1,"minecraft:apple":2,"minecraft:stone_bricks":173,"betternether:orange_mushroom":26,"minecraft:iron_ingot":16,"minecraft:soul_sand":12,"minecraft:book":57,"minecraft:smooth_basalt":42,"minecraft:stone_brick_slab":1,"minecraft:quartz":6,"minecraft:gravel":1,"minecraft:amethyst_shard":8,"minecraft:white_bed":29,"betternether:cincinnasite_forged":7,"minecraft:spider_eye":1,"minecraft:leather_helmet":1,"betternether:cincinnasite_forge":2,"minecraft:coal":91},"minecraft:killed_by":{"minecraft:skeleton":1}},"DataVersion":3465}