{"stats":{"minecraft:crafted":{"minecraft:oak_planks":644,"minecraft:stone":251,"minecraft:diamond_shovel":2,"minecraft:bookshelf":3,"minecraft:stone_brick_slab":6,"minecraft:diamond_helmet":1,"minecraft:diamond_leggings":1,"minecraft:chest":2,"minecraft:stone_bricks":248,"minecraft:oak_slab":54,"minecraft:emerald":164,"minecraft:cooked_porkchop":4,"minecraft:diamond_axe":2,"minecraft:crafting_table":3,"minecraft:wooden_pickaxe":1,"minecraft:fletching_table":2,"betternether:wart_planks":44,"minecraft:lectern":3,"minecraft:diamond_pickaxe":2,"minecraft:shield":1,"minecraft:stick":5192,"minecraft:iron_ingot":23,"minecraft:iron_pickaxe":3,"minecraft:bone_meal":6,"minecraft:diamond_block":1,"minecraft:flint_and_steel":1,"minecraft:diamond":9,"minecraft:iron_hoe":1,"minecraft:stone_pickaxe":1,"minecraft:diamond_boots":1,"minecraft:wheat":27,"minecraft:diamond_sword":1,"minecraft:bucket":2,"minecraft:enchanted_book":8,"minecraft:jungle_slab":6,"minecraft:air":0,"minecraft:bread":54,"minecraft:jungle_planks":2064,"minecraft:wooden_axe":1,"minecraft:stonecutter":1,"minecraft:diamond_chestplate":1},"minecraft:dropped":{"minecraft:soul_sand":12,"create:vertical_gearbox":1,"minecraft:brown_mushroom":1,"minecraft:diamond_axe":1,"minecraft:oak_log":4,"betternether:wart_roof_slab":8,"minecraft:lantern":2,"create:track":1,"minecraft:leather":1,"minecraft:jungle_planks":2,"minecraft:red_mushroom":4,"minecraft:item_frame":2,"minecraft:emerald":14,"betternether:cincinnasite_plate":2,"minecraft:dirt":7,"betternether:nether_mushroom_stem":6,"minecraft:crimson_roots":1,"betternether:bowl_upgrade_smithing_template":2,"minecraft:jungle_sapling":11,"betternether:agave":5,"minecraft:iron_pickaxe":3,"minecraft:white_wool":1,"minecraft:bone":1,"minecraft:gravel":34,"minecraft:blackstone":10,"minecraft:cobbled_deepslate":143,"betternether:nether_brick_wall":2,"minecraft:wheat":2,"minecraft:obsidian":2,"minecraft:rotten_flesh":1,"minecraft:oak_planks":15,"minecraft:diamond_shovel":1,"minecraft:black_glazed_terracotta":1,"minecraft:poppy":2,"betternether:glowstone_pile":1,"minecraft:jungle_log":36,"minecraft:leather_boots":1,"minecraft:leather_leggings":1,"betternether:nether_reed_roof_stairs":3,"minecraft:basalt":9,"minecraft:arrow":3,"minecraft:quartz":27,"minecraft:polished_granite":14,"minecraft:netherrack":20,"minecraft:lectern":1,"minecraft:bread":76,"minecraft:oak_slab":6,"minecraft:wheat_seeds":285,"create:polished_rose_quartz":5,"minecraft:cobblestone":97,"minecraft:book":1,"minecraft:granite":15,"create:zinc_nugget":2,"mobs_of_mythology:kobold_spear":1,"minecraft:copper_ingot":26,"minecraft:stripped_jungle_log":1,"minecraft:spruce_stairs":1,"betternether:cincinnasite_diamond_upgrade_smithing_template":2,"minecraft:yellow_carpet":3,"minecraft:coal":1,"minecraft:stick":4,"create:handheld_worldshaper":1,"minecraft:diorite":8,"minecraft:wooden_axe":1,"betternether:wart_roof":2,"minecraft:iron_axe":3,"minecraft:string":3,"minecraft:bucket":1,"betternether:cincinnasite_pot":4,"minecraft:dandelion":3,"minecraft:stone_brick_slab":3,"minecraft:redstone":73,"minecraft:soul_soil":3,"create:shaft":1,"minecraft:stone_sword":1,"minecraft:tuff":18,"minecraft:raw_iron":4,"minecraft:iron_hoe":1,"betternether:orange_mushroom":2,"minecraft:potato":2,"minecraft:shield":1,"minecraft:flower_pot":1,"minecraft:spruce_trapdoor":2,"create:zinc_ingot":38,"minecraft:diamond_pickaxe":2,"minecraft:andesite":23,"betternether:bone_wall":7,"minecraft:oak_sapling":1,"minecraft:stone_bricks":90,"minecraft:slime_ball":1,"create:brass_casing":5,"minecraft:bow":3,"minecraft:stone_pickaxe":1,"minecraft:wooden_pickaxe":2},"minecraft:killed_by":{"minecraft:creeper":1,"mobs_of_mythology:kobold_warrior":1,"minecraft:zombie":3,"minecraft:skeleton":1},"minecraft:custom":{"minecraft:interact_with_crafting_table":61,"minecraft:bell_ring":3,"minecraft:eat_cake_slice":2,"minecraft:leave_game":6,"minecraft:time_since_death":227795,"minecraft:sprint_one_cm":866418,"minecraft:damage_blocked_by_shield":708,"minecraft:drop":188,"minecraft:talked_to_villager":414,"minecraft:play_time":590254,"minecraft:deaths":8,"minecraft:jump":4569,"minecraft:walk_on_water_one_cm":31818,"minecraft:interact_with_furnace":110,"minecraft:traded_with_villager":172,"minecraft:sleep_in_bed":3,"minecraft:damage_dealt":10983,"minecraft:player_kills":1,"minecraft:crouch_one_cm":286525,"minecraft:interact_with_anvil":11,"minecraft:mob_kills":80,"minecraft:damage_dealt_resisted":124,"minecraft:climb_one_cm":6270,"minecraft:walk_one_cm":845518,"minecraft:sneak_time":122831,"minecraft:walk_under_water_one_cm":8521,"minecraft:interact_with_blast_furnace":4,"minecraft:total_world_time":590254,"minecraft:interact_with_stonecutter":1,"minecraft:time_since_rest":227913,"minecraft:damage_taken":5503,"minecraft:swim_one_cm":16150,"minecraft:fly_one_cm":1928503,"minecraft:open_chest":216,"minecraft:fall_one_cm":107646},"minecraft:killed":{"mobs_of_mythology:chupacabra":1,"betternether:firefly":1,"minecraft:skeleton":9,"minecraft:magma_cube":19,"minecraft:piglin":2,"minecraft:pig":2,"minecraft:zombie_villager":2,"minecraft:creeper":1,"minecraft:sheep":1,"minecraft:zombie":13,"minecraft:ghast":1,"minecraft:cow":1,"minecraft:husk":1,"mobs_of_mythology:kobold":2,"minecraft:hoglin":1,"mobs_of_mythology:kobold_warrior":1,"minecraft:wither_skeleton":19,"minecraft:villager":2},"minecraft:used":{"minecraft:moss_block":1,"betternether:chest_of_drawers":7,"minecraft:chest":2,"minecraft:shield":7,"minecraft:bell":1,"minecraft:rotten_flesh":6,"betternether:black_bush":1,"create:cogwheel":3,"minecraft:jungle_planks":4,"minecraft:carrot":1,"minecraft:jungle_slab":1,"minecraft:tuff":7,"minecraft:obsidian":13,"minecraft:jungle_sapling":46,"mobs_of_mythology:kobold_spear":7,"minecraft:lantern":6,"minecraft:grass_block":16,"betternether:bone_wall":1,"minecraft:stone_brick_stairs":6,"minecraft:stone_bricks":3,"minecraft:item_frame":2,"minecraft:brown_carpet":5,"minecraft:bow":72,"minecraft:scaffolding":6,"create:shaft":9,"minecraft:egg":8,"minecraft:potato":4,"betternether:cincinnasite_pedestal":3,"minecraft:diorite":20,"minecraft:diamond_boots":1,"betternether:nether_mushroom_fence":1,"betternether:nether_mushroom_stem":1,"minecraft:stone_pickaxe":122,"minecraft:oak_planks":9,"minecraft:wooden_pickaxe":4,"minecraft:composter":2,"betternether:willow_boat":1,"minecraft:diamond_axe":1297,"betternether:pig_statue_respawner":1,"sophisticatedbackpacks:backpack":4,"minecraft:crying_obsidian":1,"minecraft:string":1,"minecraft:bread":84,"minecraft:lectern":192,"betternether:quartz_glass_framed_pane":1,"minecraft:gravel":55,"betternether:cincinnasite_wall":4,"minecraft:diamond_sword":229,"minecraft:bone_meal":24,"create:large_cogwheel":3,"minecraft:stone_sword":56,"minecraft:flint_and_steel":10,"betternether:nether_brick_wall":2,"minecraft:netherrack":54,"minecraft:oak_door":1,"minecraft:dirt":224,"minecraft:spyglass":28,"minecraft:diamond_helmet":1,"minecraft:jungle_trapdoor":1,"minecraft:iron_hoe":60,"minecraft:stone_brick_slab":4,"minecraft:wooden_axe":44,"create:wrench":56,"minecraft:jungle_log":4,"create:creative_motor":1,"minecraft:diamond_chestplate":1,"betternether:willow_torch":6,"minecraft:soul_soil":9,"minecraft:cobbled_deepslate":134,"betternether:wart_planks":35,"minecraft:wheat_seeds":112,"create:handheld_worldshaper":8,"minecraft:water_bucket":43,"betternether:nether_reed_roof":10,"minecraft:fletching_table":7,"minecraft:stonecutter":1,"minecraft:diamond_block":1,"minecraft:oak_slab":51,"create:encased_fan":1,"minecraft:crafting_table":7,"betternether:wall_mushroom_brown":1,"minecraft:white_bed":6,"create:track":44,"minecraft:diamond_pickaxe":853,"minecraft:diamond_shovel":353,"minecraft:iron_pickaxe":478,"create:water_wheel":11,"create:large_water_wheel":9,"betternether:willow_log":9,"minecraft:cobblestone":100,"minecraft:cooked_porkchop":4,"minecraft:bucket":44,"minecraft:pumpkin_pie":1,"minecraft:diamond_leggings":1},"minecraft:picked_up":{"minecraft:wooden_axe":2,"minecraft:wheat":137,"minecraft:flower_pot":2,"betternether:pig_statue_respawner":3,"minecraft:diamond_sword":1,"mobs_of_mythology:kobold_spear":2,"create:wrench":1,"minecraft:stone_brick_stairs":7,"betternether:agave":5,"betternether:nether_brick_tile_large":1,"minecraft:string":4,"minecraft:soul_soil":12,"minecraft:raw_copper":73,"betternether:cincinnasite_wall":6,"betternether:netherrack_furnace":4,"create:sand_paper":1,"create:water_wheel":10,"minecraft:diamond_leggings":2,"minecraft:cobbled_deepslate":345,"minecraft:black_glazed_terracotta":1,"minecraft:netherite_upgrade_smithing_template":1,"minecraft:iron_pickaxe":6,"betternether:quartz_glass_framed_pane":2,"mobs_of_mythology:chupacabra_meat":2,"minecraft:stick":89,"betternether:cincinnasite_diamond_upgrade_smithing_template":4,"minecraft:composter":2,"betternether:bone_wall":9,"minecraft:spruce_stairs":2,"minecraft:porkchop":8,"minecraft:diorite":49,"minecraft:brown_carpet":5,"create:large_cogwheel":1,"minecraft:stone_sword":4,"minecraft:rotten_flesh":34,"minecraft:obsidian":18,"betternether:cincinnasite_bars":1,"minecraft:cobblestone":824,"betternether:glowstone_pile":1,"minecraft:andesite":23,"minecraft:water_bucket":1,"minecraft:jungle_log":856,"minecraft:potato":6,"minecraft:flint":4,"minecraft:tuff":36,"create:raw_zinc":14,"betternether:bowl_upgrade_smithing_template":3,"minecraft:dirt":480,"minecraft:lantern":10,"minecraft:name_tag":1,"minecraft:leather_boots":1,"minecraft:bone":32,"minecraft:bow":23,"minecraft:wheat_seeds":404,"minecraft:raw_gold":17,"minecraft:bell":1,"create:shaft":8,"betternether:cincinnasite_plate":2,"minecraft:fletching_table":5,"minecraft:diamond_helmet":1,"minecraft:moss_block":2,"minecraft:oak_planks":95,"minecraft:cooked_porkchop":16,"create:cogwheel":1,"minecraft:jungle_planks":35,"betternether:wart_bark":11,"minecraft:diamond_block":1,"minecraft:iron_hoe":2,"betternether:wart_roof":2,"minecraft:yellow_carpet":6,"minecraft:diamond":117,"betternether:cincinnasite_lantern":3,"minecraft:granite":35,"minecraft:bone_meal":23,"minecraft:emerald":51,"minecraft:bread":174,"minecraft:oak_sapling":9,"minecraft:netherrack":65,"minecraft:crimson_roots":1,"minecraft:diamond_pickaxe":2,"minecraft:crafting_table":7,"betternether:nether_reed_roof_stairs":3,"betternether:willow_boat":1,"minecraft:leather_leggings":2,"minecraft:brown_mushroom":1,"minecraft:wooden_pickaxe":3,"create:handheld_worldshaper":1,"minecraft:shield":2,"minecraft:jungle_trapdoor":1,"minecraft:iron_axe":4,"minecraft:netherite_scrap":4,"minecraft:item_frame":5,"minecraft:blackstone":10,"minecraft:beef":3,"minecraft:jungle_sapling":63,"minecraft:poppy":2,"minecraft:lectern":190,"minecraft:sugar_cane":18,"minecraft:spruce_trapdoor":4,"minecraft:egg":8,"minecraft:raw_iron":27,"betternether:nether_brick_wall":4,"minecraft:oak_door":3,"betternether:willow_log":9,"sophisticatedbackpacks:backpack":3,"minecraft:carrot":1,"minecraft:redstone":73,"create:brass_casing":5,"create:steam_engine":1,"create:vertical_gearbox":1,"betternether:wart_planks":9,"minecraft:arrow":11,"minecraft:diamond_chestplate":1,"minecraft:pumpkin_pie":1,"minecraft:diamond_boots":1,"minecraft:hay_block":3,"betternether:chest_of_drawers":7,"betternether:cincinnasite_fire_bowl":2,"minecraft:mutton":12,"minecraft:bone_block":24,"minecraft:white_wool":5,"minecraft:basalt":10,"minecraft:leather":1,"betternether:wall_mushroom_brown":1,"minecraft:red_mushroom":4,"betternether:wart_roof_slab":8,"betternether:cincinnasite_pot":4,"minecraft:oak_log":102,"minecraft:gunpowder":3,"betternether:cincinnasite_pedestal":7,"minecraft:apple":1,"minecraft:stone_bricks":7,"betternether:orange_mushroom":2,"betternether:nether_mushroom_fence":1,"minecraft:iron_ingot":58,"minecraft:stone_pickaxe":2,"betternether:willow_torch":6,"minecraft:soul_sand":12,"minecraft:book":36,"minecraft:scaffolding":6,"minecraft:oak_slab":50,"create:large_water_wheel":7,"betternether:black_bush":1,"minecraft:stone_brick_slab":1,"minecraft:quartz":52,"minecraft:dandelion":4,"minecraft:spyglass":1,"betternether:bone_tile":4,"minecraft:gravel":97,"minecraft:white_bed":6,"minecraft:crying_obsidian":2,"betternether:nether_mushroom_stem":7,"minecraft:stripped_jungle_log":1,"create:creative_motor":1,"minecraft:diamond_shovel":3,"minecraft:slime_ball":1,"betternether:cincinnasite_forge":1,"create:zinc_nugget":2,"create:encased_fan":1,"minecraft:diamond_axe":3,"create:rose_quartz":5,"minecraft:damaged_anvil":2,"minecraft:coal":46,"betternether:nether_reed_roof":42},"minecraft:broken":{"minecraft:iron_pickaxe":1},"minecraft:mined":{"betternether:netherrack_furnace":3,"create:deepslate_zinc_ore":6,"minecraft:white_bed":1,"betternether:nether_mushroom_fence":1,"betternether:cincinnasite_pedestal":7,"minecraft:oak_sapling":3,"minecraft:farmland":1,"minecraft:jungle_leaves":207,"minecraft:obsidian":11,"minecraft:spruce_trapdoor":3,"minecraft:granite":35,"minecraft:grass_block":37,"minecraft:yellow_carpet":4,"minecraft:jungle_log":768,"betternether:nether_brick_wall":4,"minecraft:soul_soil":14,"betternether:nether_reed_roof_stairs":1,"minecraft:composter":2,"minecraft:frosted_ice":2,"minecraft:oak_wall_sign":1,"betternether:orange_mushroom":2,"minecraft:iron_ore":24,"minecraft:cobbled_deepslate":9,"minecraft:fire":52,"betternether:wart_bark":11,"minecraft:fletching_table":5,"minecraft:potted_dandelion":1,"betternether:jellyfish_mushroom":1,"betternether:willow_trunk":9,"betternether:cincinnasite_fire_bowl":2,"betternether:red_large_mushroom":3,"minecraft:deepslate_redstone_ore":8,"create:cogwheel":1,"minecraft:brown_mushroom":1,"betternether:golden_vine":3,"minecraft:blackstone":9,"betternether:sepia_bone_grass":2,"betternether:cincinnasite_pot":4,"minecraft:dead_bush":5,"create:brass_casing":5,"minecraft:nether_quartz_ore":13,"minecraft:cobblestone":5,"minecraft:oak_planks":7,"minecraft:sugar_cane":2,"minecraft:damaged_anvil":1,"betternether:wart_roof_slab":5,"betternether:red_mold":1,"betternether:willow_leaves":1,"betternether:swampland_grass":26,"minecraft:wheat":138,"minecraft:stone_brick_stairs":7,"minecraft:grass":67,"minecraft:oak_log":78,"minecraft:dirt":268,"minecraft:netherrack":24,"minecraft:oak_leaves":4,"minecraft:deepslate":399,"betternether:cincinnasite_forge":1,"minecraft:diamond_ore":1,"minecraft:crying_obsidian":1,"minecraft:tuff":36,"minecraft:deepslate_diamond_ore":58,"betternether:willow_branch":7,"betternether:bone_grass":1,"create:large_cogwheel":1,"minecraft:jungle_planks":1,"minecraft:crimson_roots":1,"create:encased_fan":1,"betternether:black_bush":1,"betternether:cincinnasite_bars":2,"minecraft:moss_block":1,"betternether:potted_plant":2,"minecraft:hay_block":3,"minecraft:redstone_ore":5,"create:shaft":7,"minecraft:jungle_sapling":9,"minecraft:black_glazed_terracotta":1,"betternether:cincinnasite_wall":7,"minecraft:andesite":23,"betternether:wall_mushroom_brown":3,"betternether:quartz_glass_framed_pane":2,"betternether:pig_statue_respawner":3,"minecraft:bell":1,"minecraft:bookshelf":4,"minecraft:potatoes":2,"minecraft:vine":34,"minecraft:lantern":6,"minecraft:stripped_jungle_log":1,"sophisticatedbackpacks:backpack":1,"minecraft:stone":494,"minecraft:bone_block":24,"minecraft:oak_slab":20,"minecraft:scaffolding":7,"betternether:cincinnasite_lantern":3,"minecraft:soul_sand":10,"minecraft:brown_carpet":3,"minecraft:basalt":9,"minecraft:crafting_table":4,"create:creative_motor":1,"betternether:bone_wall":9,"betternether:gray_mold":5,"create:water_wheel":9,"minecraft:lectern":188,"minecraft:copper_ore":10,"minecraft:tall_grass":3,"minecraft:deepslate_gold_ore":8,"minecraft:diorite":46,"minecraft:spruce_stairs":1,"create:water_wheel_structure":3,"betternether:blooming_vine":3,"minecraft:redstone_torch":1,"betternether:cincinnasite_lantern_small":2,"betternether:wart_stairs":1,"betternether:bone_tile":6,"minecraft:coal_ore":24,"minecraft:gravel":95,"betternether:chest_of_drawers":7,"betternether:swamp_grass":1,"minecraft:stone_bricks":6,"minecraft:fern":13}},"DataVersion":3465}